TABLE_NAME;LOCAL_FIELD;REMOTE_FIELD;DATA_TYPE;FIELD_LENGTH;ACTIVE;FIELD_DEFINITION;VENDOR_ID;UNIT;TYPE_AGGREGATE;DATE_AGGREGATE
CELLSTS_4G;VOLTE_CALLS;C1526726686+C1526726687+C1526741743;NUMBER;12;1;L.E-RAB.AbnormRel.QCI.1+L.E-RAB.NormRel.QCI.1+L.E-RAB.NormRel.IRatHOOut.QCI.1;6;NULL;SUM;SUM
CELLSTS_4G;LE_RAB_ABN_MME_EUTRANGEN;C1526729911;NUMBER;12;1;L.E-RAB.AbnormRel.MME.EUtranGen;6;NULL;SUM;SUM
CELLSTS_4G;L_RRC_CONN_REQ_SUCC_MO_SIG;C1526728225;NUMBER;12;1;L.RRC.ConnReq.Succ.MoSig;6;NULL;SUM;SUM
CELLSTS_4G;L_RRC_CONN_REQ_SUCC_DELAY_TOL;C1526728358;NUMBER;12;1;L.RRC.ConnReq.Succ.DelayTol;6;NULL;SUM;SUM
CELLSTS_4G;S1_SIGN_CONN_EST_ATT;C1526728272;NUMBER;12;1;L.S1Sig.ConnEst.Att;6;NULL;SUM;SUM
CELLSTS_4G;S1_SIGN_CONN_EST_SUCC;C1526728273;NUMBER;12;1;L.S1Sig.ConnEst.Succ;6;NULL;SUM;SUM
CELLSTS_4G;DL_PCKT_LOSS_R_DEN;C1526727935+C1526727938+C1526727941+C1526727944+C1526727947+C1526727950+C1526727953+C1526727956+C1526727959;NUMBER;12;1;L.Traffic.DL.PktUuLoss.Tot.QCI.1+L.Traffic.DL.PktUuLoss.Tot.QCI.2+L.Traffic.DL.PktUuLoss.Tot.QCI.3+L.Traffic.DL.PktUuLoss.Tot.QCI.4+L.Traffic.DL.PktUuLoss.Tot.QCI.5+L.Traffic.DL.PktUuLoss.Tot.QCI.6+L.Traffic.DL.PktUuLoss.Tot.QCI.7+L.Traffic.DL.PktUuLoss.Tot.QCI.8+L.Traffic.DL.PktUuLoss.Tot.QCI.9;6;%;SUM;SUM
CELLSTS_4G;UL_PCKT_LOSS_R_NUM;C1526727961+C1526727964+C1526727967+C1526727970+C1526727973+C1526727976+C1526727979+C1526727982+C1526727985;NUMBER;12;1;L.Traffic.UL.PktLoss.Loss.QCI.1+L.Traffic.UL.PktLoss.Loss.QCI.2+L.Traffic.UL.PktLoss.Loss.QCI.3+L.Traffic.UL.PktLoss.Loss.QCI.4+L.Traffic.UL.PktLoss.Loss.QCI.5+L.Traffic.UL.PktLoss.Loss.QCI.6+L.Traffic.UL.PktLoss.Loss.QCI.7+L.Traffic.UL.PktLoss.Loss.QCI.8+L.Traffic.UL.PktLoss.Loss.QCI.9;6;%;SUM;SUM
CELLSTS_4G;UL_PCKT_LOSS_R_DEN;C1526727962+C1526727965+C1526727968+C1526727971+C1526727974+C1526727977+C1526727980+C1526727983+C1526727986;NUMBER;12;1;L.Traffic.UL.PktLoss.Tot.QCI.1+L.Traffic.UL.PktLoss.Tot.QCI.2+L.Traffic.UL.PktLoss.Tot.QCI.3+L.Traffic.UL.PktLoss.Tot.QCI.4+L.Traffic.UL.PktLoss.Tot.QCI.5+L.Traffic.UL.PktLoss.Tot.QCI.6+L.Traffic.UL.PktLoss.Tot.QCI.7+L.Traffic.UL.PktLoss.Tot.QCI.8+L.Traffic.UL.PktLoss.Tot.QCI.9;6;%;SUM;SUM
CELLSTS_4G;END_SERV_EST_R1_NUM;C1526728222+C1526728223+C1526728224+C1526728226+C1526728358;NUMBER;12;1;L.RRC.ConnReq.Succ.Emc + L.RRC.ConnReq.Succ.HighPri + L.RRC.ConnReq.Succ.Mt + L.RRC.ConnReq.Succ.MoData + L.RRC.ConnReq.Succ.DelayTol;6;%;SUM;SUM
CELLSTS_4G;END_SERV_EST_R1_DEN;C1526728217 + C1526728218 + C1526728219 + C1526728221 + C1526728357;NUMBER;12;1;L.RRC.ConnReq.Att.Emc + L.RRC.ConnReq.Att.HighPri + L.RRC.ConnReq.Att.Mt + L.RRC.ConnReq.Att.MoData + L.RRC.ConnReq.Att.DelayTol;6;%;SUM;SUM
CELLSTS_4G;END_SERV_EST_R2_NUM;C1526728273;NUMBER;12;1;L.S1Sig.ConnEst.Succ;6;%;SUM;SUM
CELLSTS_4G;END_SERV_EST_R2_DEN;C1526728272;NUMBER;12;1;L.S1Sig.ConnEst.Att;6;%;SUM;SUM
CELLSTS_4G;END_SERV_EST_R3_NUM;C1526727544;NUMBER;12;1;L.E-RAB.SuccEst;6;%;SUM;SUM
CELLSTS_4G;END_SERV_EST_R3_DEN;C1526727545;NUMBER;12;1;L.E-RAB.AttEst;6;%;SUM;SUM
CELLSTS_4G;NETWORK_ID;A.NETWORK_ID;NUMBER;12;1;NULL;6;NULL;NULL;NULL
CELLSTS_4G;ENODEB_ID;ENODEB_ID;NUMBER;12;1;NULL;6;NULL;NULL;NULL
CELLSTS_4G;FRAGMENT_DATE;A.DATA_DATE;DATE;12;1;NULL;6;NULL;NULL;NULL
CELLSTS_4G;PARTIAL_AVAIL;C1526727209;NUMBER;12;1;L.Cell.Unavail.Dur.Sys;6;%;SUM;SUM
CELLSTS_4G;PARTIAL_AVAIL_PM;C1526727209+C1526727210;NUMBER;12;1;L.Cell.Unavail.Dur.Sys + L.Cell.Unavail.Dur.Manual;6;%;SUM;SUM
CELLSTS_4G;AVG_UL_CELL_THR_DEN;C1526728233;NUMBER;12;1;L.Thrp.Time.Cell.UL;6;%;SUM;SUM
CELLSTS_4G;AVG_UL_CELL_THR_NUM;C1526728259;NUMBER;12;1;L.Thrp.bits.UL;6;%;SUM;SUM
CELLSTS_4G;AVG_DL_CELL_THR_DEN;C1526728232;NUMBER;12;1;L.Thrp.Time.Cell.DL;6;%;SUM;SUM
CELLSTS_4G;AVG_DL_CELL_THR_NUM;C1526728261;NUMBER;12;1;L.Thrp.bits.DL;6;%;SUM;SUM
CELLSTS_4G;AVG_RRC_CONNECTED_USER;C1526727378;NUMBER;12;1;L.Traffic.User.Avg;6;%;SUM;AVG
CELLSTS_4G;MAX_RRC_CONNECTED_USER;C1526727379;NUMBER;12;1;L.Traffic.User.Max;6;%;SUM;MAX
CELLSTS_4G;AVG_ACTIVE_USER_UL;C1526727382;NUMBER;12;1;L.Traffic.User.ULData.avg;6;%;SUM;AVG
CELLSTS_4G;MAX_ACTIVE_USER_UL;C1526727383;NUMBER;12;1;L.Traffic.User.ULData.Max;6;%;SUM;MAX
CELLSTS_4G;AVG_ACTIVE_USER_DL;C1526727384;NUMBER;12;1;L.Traffic.User.DLData.Avg;6;%;SUM;AVG
CELLSTS_4G;MAX_ACTIVE_USER_DL;C1526727385;NUMBER;12;1;L.Traffic.User.DLData.Max;6;%;SUM;MAX
CELLSTS_4G;UL_TRAFFIC_VOL;C1526728259;NUMBER;12;1;L.Thrp.bits.UL;6;%;SUM;SUM
CELLSTS_4G;DL_TRAFFIC_VOL;C1526728261;NUMBER;12;1;L.Thrp.bits.DL;6;%;SUM;SUM
CELLSTS_4G;AVG_CQI_NUM;((C1526727396*0)+(C1526727397*1)+(C1526727398*2)+(C1526727399*3)+(C1526727400*4)+(C1526727401*5)+(C1526727402*6)+(C1526727403*7)+(C1526727404*8)+(C1526727405*9)+(C1526727406*10)+(C1526727407*11)+(C1526727408*12)+(C1526727409*13)+(C1526727410*14)+(C1526727411*15));NUMBER;12;1;((L.ChMeas.CQI.DL.0*0)+(L.ChMeas.CQI.DL.1*1)+(L.ChMeas.CQI.DL.2*2)+(L.ChMeas.CQI.DL.3*3)+(L.ChMeas.CQI.DL.4*4)+(L.ChMeas.CQI.DL.5*5)+(L.ChMeas.CQI.DL.6*6)+(L.ChMeas.CQI.DL.7*7)+(L.ChMeas.CQI.DL.8*8)+(L.ChMeas.CQI.DL.9*9)+(L.ChMeas.CQI.DL.10*10)+(L.ChMeas.CQI.DL.11*11)+(L.ChMeas.CQI.DL.12*12)+(L.ChMeas.CQI.DL.13*13)+(L.ChMeas.CQI.DL.14*14)+(L.ChMeas.CQI.DL.15*15));6;%;SUM;SUM
CELLSTS_4G;AVG_CQI_DEN;(C1526727396+C1526727397+C1526727398+C1526727399+C1526727400+C1526727401+C1526727402+C1526727403+C1526727404+C1526727405+C1526727406+C1526727407+C1526727408+C1526727409+C1526727410+C1526727411);NUMBER;12;1;((L.ChMeas.CQI.DL.0)+(L.ChMeas.CQI.DL.1)+(L.ChMeas.CQI.DL.2)+(L.ChMeas.CQI.DL.3)+(L.ChMeas.CQI.DL.4)+(L.ChMeas.CQI.DL.5)+(L.ChMeas.CQI.DL.6)+(L.ChMeas.CQI.DL.7)+(L.ChMeas.CQI.DL.8)+(L.ChMeas.CQI.DL.9)+(L.ChMeas.CQI.DL.10)+(L.ChMeas.CQI.DL.11)+(L.ChMeas.CQI.DL.12)+(L.ChMeas.CQI.DL.13)+(L.ChMeas.CQI.DL.14)+(L.ChMeas.CQI.DL.15));6;%;SUM;SUM
CELLSTS_4G;DL_PCKT_DELAY_NUM;C1526727907 +C1526727910 +C1526727913+ C1526727916 +C1526727919 +C1526727922 +C1526727925 + C1526727928 +C1526727931;NUMBER;12;1;L.Traffic.DL.PktDelay.Time.QCI.1 + L.Traffic.DL.PktDelay.Time.QCI.2 + L.Traffic.DL.PktDelay.Time.QCI.3 + L.Traffic.DL.PktDelay.Time.QCI.4 + L.Traffic.DL.PktDelay.Time.QCI.5 + L.Traffic.DL.PktDelay.Time.QCI.6 + L.Traffic.DL.PktDelay.Time.QCI.7 + L.Traffic.DL.PktDelay.Time.QCI.8 + L.Traffic.DL.PktDelay.Time.QCI.9;6;%;SUM;SUM
CELLSTS_4G;DL_PCKT_DELAY_DEN;C1526727908+ C1526727911 + C1526727914+ C1526727917 +C1526727920 + C1526727923+ C1526727926+ C1526727929 + C1526727932;NUMBER;12;1;L.Traffic.DL.PktDelay.Num.QCI.1 + L.Traffic.DL.PktDelay.Num.QCI.2 + L.Traffic.DL.PktDelay.Num.QCI.3 + L.Traffic.DL.PktDelay.Num.QCI.4 + L.Traffic.DL.PktDelay.Num.QCI.5 + L.Traffic.DL.PktDelay.Num.QCI.6 + L.Traffic.DL.PktDelay.Num.QCI.7 + L.Traffic.DL.PktDelay.Num.QCI.8 + L.Traffic.DL.PktDelay.Num.QCI.9;6;%;SUM;SUM
CELLSTS_4G;DL_PCKT_ERR_LOSS_R_NUM;C1526727934 + C1526727937 + C1526727940 +C1526727943 + C1526727946 + C1526727949 +C1526727952 + C1526727955 + C1526727958;NUMBER;12;1;L.Traffic.DL.PktUuLoss.Loss.QCI.1 + L.Traffic.DL.PktUuLoss.Loss.QCI.2 + L.Traffic.DL.PktUuLoss.Loss.QCI.3 + L.Traffic.DL.PktUuLoss.Loss.QCI.4 + L.Traffic.DL.PktUuLoss.Loss.QCI.5 + L.Traffic.DL.PktUuLoss.Loss.QCI.6 + L.Traffic.DL.PktUuLoss.Loss.QCI.7 + L.Traffic.DL.PktUuLoss.Loss.QCI.8 + L.Traffic.DL.PktUuLoss.Loss.QCI.9;6;%;SUM;SUM
CELLSTS_4G;DL_PCKT_ERR_LOSS_R_DEN;C1526727935 + C1526727938+ C1526727941 + C1526727944 +C1526727947 + C1526727950 +C1526727953 +C1526727956 + C1526727959;NUMBER;12;1;L.Traffic.DL.PktUuLoss.Tot.QCI.1 + L.Traffic.DL.PktUuLoss.Tot.QCI.2 + L.Traffic.DL.PktUuLoss.Tot.QCI.3 + L.Traffic.DL.PktUuLoss.Tot.QCI.4 + L.Traffic.DL.PktUuLoss.Tot.QCI.5 + L.Traffic.DL.PktUuLoss.Tot.QCI.6 + L.Traffic.DL.PktUuLoss.Tot.QCI.7 + L.Traffic.DL.PktUuLoss.Tot.QCI.8 + L.Traffic.DL.PktUuLoss.Tot.QCI.9;6;%;SUM;SUM
CELLSTS_4G;CSFB_PREP_SR_NUM;C1526728322;NUMBER;12;1;L.CSFB.PrepSucc;6;%;SUM;SUM
CELLSTS_4G;CSFB_PREP_SR_DEN;C1526728321;NUMBER;12;1;L.CSFB.PrepAtt;6;%;SUM;SUM
CELLSTS_4G;SERV_ABN_RELR_NUM;C1526727546;NUMBER;12;1;L.E-RAB.AbnormRel;6;%;SUM;SUM
CELLSTS_4G;SERV_ABN_RELR_DEN;C1526727546+C1526727547+C1526741752;NUMBER;12;1;L.E-RAB.AbnormRel + L.E-RAB.NormRel + L.E-RAB.NormRel.IRatHOOut;6;%;SUM;SUM
CELLSTS_4G;ERAB_DCR_NUM;C1526726686;NUMBER;12;1;L.E-RAB.AbnormRel.QCI.1;6;%;SUM;SUM
CELLSTS_4G;ERAB_DCR_DEN;C1526726686+C1526726687;NUMBER;12;1;L.E-RAB.AbnormRel.QCI.1+L.E-RAB.NormRel.QCI.1;6;%;SUM;SUM
CELLSTS_4G;INTER_FRQ_HO_SR_NUM;C1526727000+C1526727006;NUMBER;12;1;L.HHO.IntraeNB.InterFreq.ExecSuccOut+L.HHO.IntereNB.InterFreq.ExecSuccOut;6;%;SUM;SUM
CELLSTS_4G;INTER_FRQ_HO_SR_DEN;C1526726999+C1526727005;NUMBER;12;1;L.HHO.IntraeNB.InterFreq.ExecAttOut + L.HHO.IntereNB.InterFreq.ExecAttOut;6;%;SUM;SUM
CELLSTS_4G;INTERRAT_HOW_SR_NUM;C1526726991;NUMBER;12;1;L.IRATHO.E2W.ExecSuccOut;6;%;SUM;SUM
CELLSTS_4G;INTERRAT_HOW_SR_DEN;C1526726990;NUMBER;12;1;L.IRATHO.E2W.ExecAttOut;6;%;SUM;SUM
CELLSTS_4G;INTERRAT_HOG_SR_NUM;C1526726994;NUMBER;12;1;L.IRATHO.E2G.ExecSuccOut;6;%;SUM;SUM
CELLSTS_4G;INTERRAT_HOG_SR_DEN;C1526726993;NUMBER;12;1;L.IRATHO.E2G.ExecAttOut;6;%;SUM;SUM
CELLSTS_4G;RRC_SETUP_SR_NUM;C1526726659;NUMBER;12;1;L.RRC.ConnReq.Succ;6;%;SUM;SUM
CELLSTS_4G;RRC_SETUP_SR_DEN;C1526726657;NUMBER;12;1;L.RRC.ConnReq.Msg;6;%;SUM;SUM
CELLSTS_4G;CS_RAB_EST_SR_NUM;C1526726669;NUMBER;12;1;L.E-RAB.SuccEst.QCI.1;6;%;SUM;SUM
CELLSTS_4G;CS_RAB_EST_SR_DEN;C1526726668-NVL(C1526739741,0);NUMBER;12;1;L.E-RAB.AttEst.QCI.1-L.E-RAB.FailEst.X2AP.VoIP;6;%;SUM;SUM
CELLSTS_4G;PS_RAB_EST_SR_NUM;C1526726671+C1526726673+C1526726675+C1526726677+C1526726679+C1526726681+C1526726683+C1526726685;NUMBER;12;1;L.E-RAB.SuccEst.QCI.2+L.E-RAB.SuccEst.QCI.3+L.E-RAB.SuccEst.QCI.4+L.E-RAB.SuccEst.QCI.5+L.E-RAB.SuccEst.QCI.6+L.E-RAB.SuccEst.QCI.7+L.E-RAB.SuccEst.QCI.8+L.E-RAB.SuccEst.QCI.9;6;%;SUM;SUM
CELLSTS_4G;PS_RAB_EST_SR_DEN;C1526726670+C1526726672+C1526726674+C1526726676+C1526726678+C1526726680+C1526726682+C1526726684;NUMBER;12;1;L.E-RAB.AttEst.QCI.2+L.E-RAB.AttEst.QCI.3+L.E-RAB.AttEst.QCI.4+L.E-RAB.AttEst.QCI.5+L.E-RAB.AttEst.QCI.6+L.E-RAB.AttEst.QCI.7+L.E-RAB.AttEst.QCI.8+L.E-RAB.AttEst.QCI.9;6;%;SUM;SUM
CELLSTS_4G;DL_PCKT_LOSS_R_NUM;C1526727908+C1526727911+C1526727914+C1526727917+C1526727920+C1526727923+C1526727926+C1526727929+C1526727932;NUMBER;12;1;L.Traffic.DL.PktDelay.Num.QCI.1+L.Traffic.DL.PktDelay.Num.QCI.2+L.Traffic.DL.PktDelay.Num.QCI.3+L.Traffic.DL.PktDelay.Num.QCI.4+L.Traffic.DL.PktDelay.Num.QCI.5+L.Traffic.DL.PktDelay.Num.QCI.6+L.Traffic.DL.PktDelay.Num.QCI.7+L.Traffic.DL.PktDelay.Num.QCI.8+L.Traffic.DL.PktDelay.Num.QCI.9;6;%;SUM;SUM
CELLSTS_4G;SERV_RET_DEN;C1526728234+ C1526728235 + C1526728236 + C1526728237 + C1526728238 +C1526728239 + C1526728240 + C1526728241 + C1526728242;NUMBER;12;1;L.E-RAB.SessionTime.QCI1 + L.E-RAB.SessionTime.QCI2 + L.E-RAB.SessionTime.QCI3 + L.E-RAB.SessionTime.QCI4 + L.E-RAB.SessionTime.QCI5 + L.E-RAB.SessionTime.QCI6 + L.E-RAB.SessionTime.QCI7 + L.E-RAB.SessionTime.QCI8 + L.E-RAB.SessionTime.QCI9;6;%;SUM;SUM
CELLSTS_4G;INTRA_FRQ_HO_SR_NUM;C1526726997 + C1526727003;NUMBER;12;1;L.HHO.IntraeNB.IntraFreq.ExecSuccOut + L.HHO.IntereNB.IntraFreq.ExecSuccOut;6;%;SUM;SUM
CELLSTS_4G;INTRA_FRQ_HO_SR_DEN;C1526726996 + C1526727002;NUMBER;12;1;L.HHO.IntraeNB.IntraFreq.ExecAttOut + L.HHO.IntereNB.IntraFreq.ExecAttOut;6;%;SUM;SUM
CELLSTS_4G;LE_RAB_ATTEST_QCI6;C1526726678;NUMBER;12;1;L.E-RAB.AttEst.QCI.6;6;NULL;SUM;SUM
CELLSTS_4G;LE_RAB_SUCCEST_QCI6;C1526726679;NUMBER;12;1;L.E-RAB.SuccEst.QCI.6;6;NULL;SUM;SUM
CELLSTS_4G;LE_RAB_ABNORMREL_QCI6;C1526726696;NUMBER;12;1;L.E-RAB.AbnormRel.QCI.6;6;NULL;SUM;SUM
CELLSTS_4G;LE_RAB_NORMREL_QCI6;C1526726697;NUMBER;12;1;L.E-RAB.NormRel.QCI.6;6;NULL;SUM;SUM
CELLSTS_4G;L_THRP_BITS_UL_QCI6;C1526726791;NUMBER;12;1;L.Thrp.bits.UL.QCI.6;6;NULL;SUM;SUM
CELLSTS_4G;L_THRP_TIME_UL_QCI6;C1526726792;NUMBER;12;1;L.Thrp.Time.UL.QCI.6;6;NULL;SUM;SUM
CELLSTS_4G;L_THRP_BITS_DL_QCI6;C1526726818;NUMBER;12;1;L.Thrp.bits.DL.QCI.6;6;NULL;SUM;SUM
CELLSTS_4G;L_THRP_DL_LASTTTI_QCI6;C1526729011;NUMBER;12;1;L.Thrp.bits.DL.LastTTI.QCI.6;6;NULL;SUM;SUM
CELLSTS_4G;THRP_TIME_DL_RMVLAST_TTI_QCI6;C1526729021;NUMBER;12;1;L.Thrp.Time.DL.RmvLastTTI.QCI.6;6;NULL;SUM;SUM
CELLSTS_4G;LERAB_ATTEST_EXTQCI_INDEX5;C1526749358;NUMBER;12;1;L.E-RAB.AttEst.ExtQCI.Index5;6;NULL;SUM;SUM
CELLSTS_4G;L_CSFB_DEN;C1526728323+C1526728324;NUMBER;12;1;L.CSFB.E2W+L.CSFB.E2G;6;NULL;SUM;SUM
CELLSTS_4G;CSFB_FAIL_NUMBER;C1526728321+C1526728409-C1526728498-C1526728497-C1526728509-C1526728506;NUMBER;12;1;L.CSFB.PrepAtt+L.CSFB.LCS.PrepAtt-L.RRCRedirection.E2G.CSFB-L.RRCRedirection.E2W.CSFB-L.IRATHO.E2G.CSFB.ExecSuccOut-L.IRATHO.E2W.CSFB.ExecSuccOut;6;NULL;SUM;SUM
CELLSTS_4G;LE_RAB_ABNORMREL_MME_QCI_3;C1526730865;NUMBER;12;1;L.E-RAB.AbnormRel.MME.QCI.3;6;NULL;SUM;SUM
CELLSTS_4G;LE_RAB_NORMREL_IRATHOOUT_QCI_3;C1526741745;NUMBER;12;1;L.E-RAB.NormRel.IRatHOOut.QCI.3;6;NULL;SUM;SUM
CELLSTS_4G;L_TRAF_UL_PKTLOSS_LOSS_QCI_3;C1526727967;NUMBER;12;1;NULL;6;NULL;SUM;SUM
CELLSTS_4G;HOUR;1;NUMBER;12;1;NULL;6;NULL;MAX;SUM
CELLSTS_4G;NE_CNT;1;NUMBER;12;1;NULL;6;NULL;MAX;SUM
CELLSTS_4G;DATA_DCR_DEN;C1526726696+C1526726698+C1526726700+C1526726702+C1526726697+C1526726699+C1526726701+C1526726703;NUMBER;12;1;L.E-RAB.AbnormRel.QCI.6+L.E-RAB.AbnormRel.QCI.7+L.E-RAB.AbnormRel.QCI.8+ L.E-RAB.AbnormRel.QCI.9 + L.E-RAB.NormRel.QCI.6+ L.E-RAB.NormRel.QCI.7+ L.E-RAB.NormRel.QCI.8+ L.E-RAB.NormRel.QCI.9;6;%;SUM;SUM
CELLSTS_4G;DATA_DCR_NUM;C1526726696+C1526726698+C1526726700+C1526726702;NUMBER;12;1;L.E-RAB.AbnormRel.QCI.6+ E-RAB.AbnormRel.QCI.7+ L.E-RAB.AbnormRel.QCI.8+ L.E-RAB.AbnormRel.QCI.9;6;%;SUM;SUM
CELLSTS_4G;RAB_FAIL_EST_UL_SATIS_VOIP;C1526729969;NUMBER;NULL;1;RAB.FailEst.NoRadioRes.ULSatis.VoIP;6;%;SUM;SUM
CELLSTS_4G;SERV_ABN_RELR_RFQ_DEN;C1526726689+C1526726691+C1526726693+C1526726695+C1526726697+C1526726699+C1526726701+C1526726703+C1526726688+C1526726690+C1526726692+C1526726694+C1526726696+C1526726698+C1526726700+C1526726702;NUMBER;12;1;L.E-RAB.NormRel.QCI.2+L.E-RAB.NormRel.QCI.3+L.E-RAB.NormRel.QCI.4+L.E-RAB.NormRel.QCI.5+L.E-RAB.NormRel.QCI.6+ L.E-RAB.NormRel.QCI.7+L.E-RAB.NormRel.QCI.8+L.E-RAB.NormRel.QCI.9+L.E-RAB.AbnormRel.QCI.2+L.E-RAB.AbnormRel.QCI.3+L.E-RAB.AbnormRel.QCI.4+L.E-RAB.AbnormRel.QCI.5+L.E-RAB.AbnormRel.QCI.6+L.E-RAB.AbnormRel.QCI.7+L.E-RAB.AbnormRel.QCI.8+L.E-RAB.AbnormRel.QCI.9;6;%;SUM;SUM
CELLSTS_4G;SERV_ABN_RELR_RFQ_NUM;C1526726688+C1526726690+C1526726692+C1526726694+C1526726696+C1526726698+C1526726700+C1526726702;NUMBER;12;1;L.E-RAB.AbnormRel.QCI.2+L.E-RAB.AbnormRel.QCI.3+L.E-RAB.AbnormRel.QCI.4+L.E-RAB.AbnormRel.QCI.5+L.E-RAB.AbnormRel.QCI.6+L.E-RAB.AbnormRel.QCI.7+L.E-RAB.AbnormRel.QCI.8+L.E-RAB.AbnormRel.QCI.9;6;%;SUM;SUM
CELLSTS_4G;L_RRC_CONNREQ_SUCC_MT;C1526728224;NUMBER;12;1;L.RRC.ConnReq.Succ.Mt;6;NULL;SUM;SUM
CELLSTS_4G;LE_RAB_NUM_SYN2_UNSYN;C1526728437;NUMBER;12;1;L.E-RAB.Num.Syn2Unsyn;6;NULL;SUM;SUM
CELLSTS_4G;L_THRP_TIME_DL_RMVLAST_TTI;C1526729015;NUMBER;12;1;L.Thrp.Time.DL.RmvLastTTI;6;NULL;SUM;SUM
CELLSTS_4G;L_THRP_BITS_UE_UL_SMALL_PKT;C1526729415;NUMBER;12;1;L.Thrp.bits.UE.UL.SmallPkt;6;NULL;SUM;SUM
CELLSTS_4G;L_THRP_TIME_UE_UL_RMV_SM_PKT;C1526729416;NUMBER;12;1;L.Thrp.Time.UE.UL.RmvSmallPkt;6;NULL;SUM;SUM
CELLSTS_4G;L_THRP_TIME_CELL_DL_HIGH_PREC;C1526728997;NUMBER;12;1;L.Thrp.Time.Cell.DL.HighPrecision;6;NULL;SUM;SUM
CELLSTS_4G;L_THRP_TIME_CELL_UL_HIGH_PREC;C1526728998;NUMBER;12;1;L.Thrp.Time.Cell.UL.HighPrecision;6;NULL;SUM;SUM
CELLSTS_4G;L_CHMEAS_PRB_DL_AVAIL;C1526728433;NUMBER;12;1;L.ChMeas.PRB.DL.Avail;6;NULL;AVG;AVG
CELLSTS_4G;L_CHMEAS_PRB_UL_AVAIL;C1526728434;NUMBER;12;1;L.ChMeas.PRB.UL.Avail;6;NULL;SUM;SUM
CELLSTS_4G;SERV_ABN_RELR_DEN2;C1526727546+C1526727547+C1526728437;NUMBER;12;1;L.E-RAB.AbnormRel + L.E-RAB.NormRel +  L.E-RAB.Num.Syn2Unsyn;6;NULL;SUM;SUM
CELLSTS_4G;INTRA_RAT_HO_IN_SUCC;C1526727255+C1526727258;NUMBER;12;1;L.HHO.IntraeNB.ExecSuccIn + L.HHO.IntereNB.ExecSuccIn;6;NULL;SUM;SUM
CELLSTS_4G;INTRA_RAT_HO_IN_ATT;C1526727254+C1526727257;NUMBER;12;1;L.HHO.IntraeNB.ExecAttIn + L.HHO.IntereNB.ExecAttIn;6;NULL;SUM;SUM
CELLSTS_4G;USER_DL_RMVLAST_TTI_TRAFF_VOL;C1526728261-C1526729005;NUMBER;12;1;L.Thrp.bits.DL - L.Thrp.bits.DL.LastTTI;6;NULL;SUM;SUM
CELLSTS_4G;USER_UL_RMV_SMLLPKT_TRAFF_VOL;C1526728259-C1526729415;NUMBER;12;1;L.Thrp.bits.UL - L.Thrp.bits.UE.UL.SmallPkt;6;NULL;SUM;SUM
CELLSTS_4G;FBAND_ID;FBAND_ID;NUMBER;12;1;NULL;6;NULL;NULL;NULL
CELLSTS_4G;L_RRC_SET_FAIL_RES_FAIL;C1526727083;NUMBER;12;1;L.RRC.SetupFail.ResFail;6;NULL;SUM;SUM
CELLSTS_4G;L_RRC_SET_FAIL_NO_REPLY;C1526727084;NUMBER;12;1;L.RRC.SetupFail.NoReply;6;NULL;SUM;SUM
CELLSTS_4G;L_RRC_SET_FAIL_REJ;C1526728269;NUMBER;12;1;L.RRC.SetupFail.Rej;6;NULL;SUM;SUM
CELLSTS_4G;L_RRC_SET_FAIL_RES_FAIL_SRS;C1526728485;NUMBER;12;1;L.RRC.SetupFail.ResFail.SRS;6;NULL;SUM;SUM
CELLSTS_4G;L_RRC_SET_FAIL_RES_FAIL_PUCCH;C1526728486;NUMBER;12;1;L.RRC.SetupFail.ResFail.PUCCH;6;NULL;SUM;SUM
CELLSTS_4G;L_RRC_CONN_REQ_MSG_FLOW_CTRL;C1526728489;NUMBER;12;1;L.RRC.ConnReq.Msg.disc.FlowCtrl;6;NULL;SUM;SUM
CELLSTS_4G;L_RRC_SET_FAIL_RES_FAIL_US;C1526729949;NUMBER;12;1;L.RRC.SetupFail.ResFail.UserSpec;6;NULL;SUM;SUM
CELLSTS_4G;L_RRC_SET_FAIL_REJ_FAIL_MME;C1526732044;NUMBER;12;1;L.RRC.SetupFail.Rej.MMEOverload;6;NULL;SUM;SUM
CELLSTS_4G;L_RRC_SET_FAIL_REJ_OTHER;C1526732920;NUMBER;12;1;L.RRC.SetupFail.Rej.Other;6;NULL;SUM;SUM
CELLSTS_4G;L_RRC_SET_FAIL_RES_FAIL_OTHER;C1526732921;NUMBER;12;1;L.RRC.SetupFail.ResFail.Other;6;NULL;SUM;SUM
CELLSTS_4G;LE_RAB_SUCC_EST_QCI_5;C1526726677;NUMBER;12;1;L.E-RAB.SuccEst.QCI.5;6;NULL;SUM;SUM
CELLSTS_4G;LE_RAB_SUCC_EST_QCI_9;C1526726685;NUMBER;12;1;L.E-RAB.SuccEst.QCI.9;6;NULL;SUM;SUM
CELLSTS_4G;LE_RAB_ABNORM_REL_QCI_5;C1526726694;NUMBER;12;1;L.E-RAB.AbnormRel.QCI.5;6;NULL;SUM;SUM
CELLSTS_4G;LE_RAB_ABNORM_REL_QCI_9;C1526726702;NUMBER;12;1;L.E-RAB.AbnormRel.QCI.9 ;6;NULL;SUM;SUM
CELLSTS_4G;L_RRC_RE_EST_HO_FAIL_ATT;C1526727090;NUMBER;12;1;L.RRC.ReEst.HoFail.Att;6;NULL;SUM;SUM
CELLSTS_4G;L_RRC_CONN_REQ_ATT;C1526726658;NUMBER;12;1;L.RRC.ConnReq.Att;6;NULL;SUM;SUM
CELLSTS_4G;L_RRC_CONN_REQ_ATT_MO_SIG;C1526728220;NUMBER;12;1;L.RRC.ConnReq.Att.MoSig;6;NULL;SUM;SUM
CELLSTS_4G;L_RRC_CONN_REQ_ATT_DELAY_TOL;C1526728357;NUMBER;12;1;L.RRC.ConnReq.Att.DelayTol;6;NULL;SUM;SUM
CELLSTS_4G;L_RRC_RE_EST_HO_FAIL_SUCC;C1526727091;NUMBER;12;1;L.RRC.ReEst.HoFail.Succ;6;NULL;SUM;SUM
CELLSTS_4G;L_RRC_RE_EST_HO_FAIL_REJ;C1526727092;NUMBER;12;1;L.RRC.ReEst.HoFail.Rej;6;NULL;SUM;SUM
CELLSTS_4G;LE_RAB_ABNORM_REL_HO_FAIL;C1526728291;NUMBER;12;1;L.E-RAB.AbnormRel.HOFailure;6;NULL;SUM;SUM
CELLSTS_4G;CITY_ID;CITY_ID;NUMBER;12;1;NULL;6;NULL;NULL;NULL
CELLSTS_4G;MAIN_REGION_ID;MAIN_REGION_ID;NUMBER;12;1;NULL;6;NULL;NULL;NULL
CELLSTS_4G;SUB_REGION_ID;SUB_REGION_ID;NUMBER;12;1;NULL;6;NULL;NULL;NULL
CELLSTS_4G;RAB_FAIL_EST_RADIO_UL_THRPLIC;C1526729954;NUMBER;NULL;1;L.E-RAB.FailEst.NoRadioRes.ULThrpLic;6;%;SUM;SUM
CELLSTS_4G;RAB_FAIL_EST_RADIO_PUCCH_VOIP;C1526729965;NUMBER;NULL;1;L.E-RAB.FailEst.NoRadioRes.PUCCH.VoIP;6;%;SUM;SUM
CELLSTS_4G;RAB_FAIL_EST_RADIO_UL_SAT_PTT;C1526736857;NUMBER;NULL;1;L.E-RAB.FailEst.NoRadioRes.ULSatis.PTT;6;%;SUM;SUM
CELLSTS_4G;RAB_FAIL_EST_RADIO_OTHER_VOIP;C1526732929;NUMBER;NULL;1;L.E-RAB.FailEst.NoRadioRes.Other.VoIP;6;%;SUM;SUM
CELLSTS_4G;RAB_FAIL_EST_DL_THRPLIC_VOIP;C1526729966;NUMBER;NULL;1;L.E-RAB.FailEst.NoRadioRes.DLThrpLic.VoIP;6;%;SUM;SUM
CELLSTS_4G;RAB_FAIL_EST_UL_THRPLIC_VOIP;C1526729967;NUMBER;NULL;1;L.E-RAB.FailEst.NoRadioRes.ULThrpLic.VoIP;6;%;SUM;SUM
CELLSTS_4G;RAB_FAIL_EST_TNL_DL_RES_VOIP;C1526729970;NUMBER;NULL;1;L.E-RAB.FailEst.TNL.DLRes.VoIP;6;%;SUM;SUM
CELLSTS_4G;RAB_FAIL_EST_TNL_UL_RES_VOIP;C1526729971;NUMBER;NULL;1;L.E-RAB.FailEst.TNL.ULRes.VoIP;6;%;SUM;SUM
CELLSTS_4G;RAB_FAIL_EST_CONFLICT_HOFAIL;C1526732726;NUMBER;NULL;1;L.E-RAB.FailEst.Conflict.Hofail;6;%;SUM;SUM
CELLSTS_4G;RAB_FAIL_EST_SRB_RESET_VOIP;C1526729963;NUMBER;NULL;1;L.E-RAB.FailEst.SRBReset.VoIP;6;%;SUM;SUM
CELLSTS_4G;RAB_FAIL_EST_RADIO_SRS_VOIP;C1526729964;NUMBER;NULL;1;L.E-RAB.FailEst.NoRadioRes.SRS.VoIP;6;%;SUM;SUM
CELLSTS_4G;RAB_FAIL_EST_RNL_ABNORM_REL;C1526730831;NUMBER;NULL;1;L.E-RAB.FailEst.RNL.eNodeB.AbnormRel;6;%;SUM;SUM
CELLSTS_4G;RAB_FAIL_EST_RNL_OTHER_VOIP;C1526732925;NUMBER;NULL;1;L.E-RAB.FailEst.RNL.Other.VoIP;6;%;SUM;SUM
CELLSTS_4G;LE_RAB_ABNORMREL_ENBTOT;C1526730539;NUMBER;12;1;L.E-RAB.AbnormRel.eNBTot.QCI.1;6;NULL;SUM;SUM
CELLSTS_4G;LE_RAB_ABNORMREL_MMETOT;C1526728940;NUMBER;12;1;L.E-RAB.AbnormRel.MMETot;6;NULL;SUM;SUM
CELLSTS_4G;LE_RAB_NORMREL_QCI_1;C1526726687;NUMBER;12;1;L.E-RAB.NormRel.QCI.1;6;NULL;SUM;SUM
CELLSTS_4G;LE_RAB_ABNORMREL_MME;C1526728292;NUMBER;12;1;L.E-RAB.AbnormRel.MME;6;NULL;SUM;SUM
CELLSTS_4G;LE_RAB_NORMREL;C1526727547;NUMBER;12;1;L.E-RAB.NormRel;6;NULL;SUM;SUM
CELLSTS_4G;L_RRC_CONNREQ_ATT_EMC;C1526728217;NUMBER;12;1;L.RRC.ConnReq.Att.Emc;6;NULL;SUM;SUM
CELLSTS_4G;L_RRC_CONNREQ_ATT_HIGHPRI;C1526728218;NUMBER;12;1;L.RRC.ConnReq.Att.HighPri;6;NULL;SUM;SUM
CELLSTS_4G;L_RRC_CONNREQ_ATT_MODATA;C1526728221;NUMBER;12;1;L.RRC.ConnReq.Att.MoData;6;NULL;SUM;SUM
CELLSTS_4G;L_RRC_CONNREQ_ATT_MT;C1526728219;NUMBER;12;1;L.RRC.ConnReq.Att.Mt;6;NULL;SUM;SUM
CELLSTS_4G;L_RRC_CONNREQ_SUCC_EMC;C1526728222;NUMBER;12;1;L.RRC.ConnReq.Succ.Emc;6;NULL;SUM;SUM
CELLSTS_4G;L_RRC_CONNREQ_SUCC_HIGHPRI;C1526728223;NUMBER;12;1;L.RRC.ConnReq.Succ.HighPri;6;NULL;SUM;SUM
CELLSTS_4G;L_RRC_CONNREQ_SUCC_MODATA;C1526728226;NUMBER;12;1;L.RRC.ConnReq.Succ.MoData;6;NULL;SUM;SUM
CELLSTS_4G;DL_CHMEAS_PRB;C1526726740;NUMBER;12;1;L.ChMeas.PRB.DL.Used.Avg;6;%;AVG;AVG
CELLSTS_4G;UL_CHMEAS_PRB;C1526726737;NUMBER;12;1;L.ChMeas.PRB.UL.Used.Avg;6;%;AVG;AVG
CELLSTS_4G;PUCCH_CHMEAS_PRB;C1526727483;NUMBER;12;1;L.ChMeas.PRB.PUCCH.Avg;6;%;AVG;AVG
CELLSTS_4G;VOLTE_TRAFFIC;C1526735162;NUMBER;NULL;1;L.E-RAB.SessionTime.HighPrecision.QCI1;6;NULL;SUM;SUM
CELLSTS_4G;VOLTE_ACC_NUM;C1526726669;NUMBER;12;1;L.E-RAB.SuccEst.QCI.1;6;NULL;SUM;SUM
CELLSTS_4G;VOLTE_ACC_DEN;C1526726668-NVL(C1526739741,0);NUMBER;12;1;L.E-RAB.AttEst.QCI.1-L.E-RAB.FailEst.X2AP.VoIP;6;NULL;SUM;SUM
CELLSTS_4G;RAB_FAIL_EST_TNL_OTHER_VOIP;C1526732927;NUMBER;NULL;1;L.E-RAB.FailEst.TNL.Other.VoIP;6;%;SUM;SUM
CELLSTS_4G;RAB_FAIL_EST_NO_REPLY_VOIP;C1526729957;NUMBER;NULL;1;L.E-RAB.FailEst.NoReply.VoIP;6;%;SUM;SUM
CELLSTS_4G;RAB_FAIL_EST_SEC_MODE_VOIP;C1526729962;NUMBER;NULL;1;L.E-RAB.FailEst.SecurModeFail.VoIP;6;%;SUM;SUM
CELLSTS_4G;RAB_FAIL_EST_DL_SATIS_VOIP;C1526729968;NUMBER;NULL;1;L.E-RAB.FailEst.NoRadioRes.DLSatis.VoIP;6;%;SUM;SUM
CELLSTS_4G;RAB_FAIL_EST_DL_SATIS_QCI3;C1526736695;NUMBER;NULL;1;L.E-RAB.FailEst.NoRadioRes.DLSatis.QCI3;6;%;SUM;SUM
CELLSTS_4G;RAB_FAIL_EST_UL_SATIS_QCI2;C1526736697;NUMBER;NULL;1;L.E-RAB.FailEst.NoRadioRes.ULSatis.QCI2;6;%;SUM;SUM
CELLSTS_4G;RAB_FAIL_EST_UL_SATIS_QCI3;C1526736698;NUMBER;NULL;1;L.E-RAB.FailEst.NoRadioRes.ULSatis.QCI3;6;%;SUM;SUM
CELLSTS_4G;RAB_FAIL_EST_UL_SATIS_QCI4;C1526736699;NUMBER;NULL;1;L.E-RAB.FailEst.NoRadioRes.ULSatis.QCI4;6;%;SUM;SUM
CELLSTS_4G;RAB_FAIL_EST_RADIO_DE_SAT;C1526729955;NUMBER;NULL;1;L.E-RAB.FailEst.NoRadioRes.DLSatis;6;%;SUM;SUM
CELLSTS_4G;RAB_FAIL_EST_RADIO_UL_SAT;C1526729956;NUMBER;NULL;1;L.E-RAB.FailEst.NoRadioRes.ULSatis;6;%;SUM;SUM
CELLSTS_4G;RAB_FAIL_EST_RNL_NORM_REL;C1526730830;NUMBER;NULL;1;L.E-RAB.FailEst.RNL.eNodeB.NormRel;6;%;SUM;SUM
CELLSTS_4G;RAB_FAIL_EST_RADIO_PUCCH;C1526729546;NUMBER;NULL;1;L.E-RAB.FailEst.NoRadioRes.PUCCH;6;%;SUM;SUM
CELLSTS_4G;RAB_FAIL_EST_RADIO_OTHER;C1526732928;NUMBER;NULL;1;L.E-RAB.FailEst.NoRadioRes.Other;6;%;SUM;SUM
CELLSTS_4G;RAB_FAIL_EST_TNL_DL_RES;C1526729951;NUMBER;NULL;1;L.E-RAB.FailEst.TNL.DLRes;6;%;SUM;SUM
CELLSTS_4G;RAB_FAIL_EST_TNL_UL_RES;C1526729952;NUMBER;NULL;1;L.E-RAB.FailEst.TNL.ULRes;6;%;SUM;SUM
CELLSTS_4G;RAB_FAIL_EST_RADIO_VOIP;C1526729961;NUMBER;NULL;1;L.E-RAB.FailEst.NoRadioRes.VoIP;6;%;SUM;SUM
CELLSTS_4G;RAB_FAIL_EST_OTHER_VOIP;C1526732923;NUMBER;NULL;1;L.E-RAB.FailEst.Other.VoIP;6;%;SUM;SUM
CELLSTS_4G;RAB_FAIL_EST_RADIO_SRS;C1526729545;NUMBER;NULL;1;L.E-RAB.FailEst.NoRadioRes.SRS;6;%;SUM;SUM
CELLSTS_4G;RAB_FAIL_EST_SRB_RESET;C1526729950;NUMBER;NULL;1;L.E-RAB.FailEst.SRBReset;6;%;SUM;SUM
CELLSTS_4G;RAB_FAIL_EST_X2AP_VOIP;C1526739741;NUMBER;12;1;L.E-RAB.FailEst.X2AP.VoIP;6;%;SUM;SUM
CELLSTS_4G;RAB_FAIL_EST_RNL_OTHER;C1526732924;NUMBER;NULL;1;L.E-RAB.FailEst.RNL.Other;6;%;SUM;SUM
CELLSTS_4G;RAB_FAIL_EST_TNL_OTHER;C1526732926;NUMBER;NULL;1;L.E-RAB.FailEst.TNL.Other;6;%;SUM;SUM
CELLSTS_4G;RAB_FAIL_EST_NO_REPLY;C1526726717;NUMBER;NULL;1;L.E-RAB.FailEst.NoReply;6;%;SUM;SUM
CELLSTS_4G;RAB_FAIL_EST_SEC_MODE;C1526728280;NUMBER;NULL;1;L.E-RAB.FailEst.SecurModeFail;6;%;SUM;SUM
CELLSTS_4G;RAB_FAIL_EST_MME_VOIP;C1526729958;NUMBER;NULL;1;L.E-RAB.FailEst.MME.VoIP;6;%;SUM;SUM
CELLSTS_4G;RAB_FAIL_EST_TNL_VOIP;C1526729959;NUMBER;NULL;1;L.E-RAB.FailEst.TNL.VoIP;6;%;SUM;SUM
CELLSTS_4G;RAB_FAIL_EST_RNL_VOIP;C1526729960;NUMBER;NULL;1;L.E-RAB.FailEst.RNL.VoIP;6;%;SUM;SUM
CELLSTS_4G;RAB_FAIL_EST_RADIO;C1526728279;NUMBER;NULL;1;L.E-RAB.FailEst.NoRadioRes;6;%;SUM;SUM
CELLSTS_4G;RAB_FAIL_EST_OTHER;C1526732922;NUMBER;NULL;1;L.E-RAB.FailEst.Other;6;%;SUM;SUM
CELLSTS_4G;RAB_FAIL_EST_X2AP;C1526739740;NUMBER;NULL;1;L.E-RAB.FailEst.X2AP;6;%;SUM;SUM
CELLSTS_4G;RAB_FAIL_EST_MME;C1526728276;NUMBER;NULL;1;L.E-RAB.FailEst.MME;6;%;SUM;SUM
CELLSTS_4G;RAB_FAIL_EST_TNL;C1526728277;NUMBER;NULL;1;L.E-RAB.FailEst.TNL;6;%;SUM;SUM
CELLSTS_4G;L_RAB_ATT_EST_QCI_5;C1526726676;NUMBER;12;1;L.E-RAB.AttEst.QCI.5;6;NULL;SUM;SUM
CELLSTS_4G;L_RAB_ATT_EST_QCI_9;C1526726684;NUMBER;12;1;L.E-RAB.AttEst.QCI.9;6;NULL;SUM;SUM
CELLSTS_4G;RAB_FAIL_EST_RNL;C1526728278;NUMBER;NULL;1;L.E-RAB.FailEst.RNL;6;%;SUM;SUM
CELLSTS_4G;L_RA_TA_UE_INDEX0;C1526728956;NUMBER;12;1;L.RA.TA.UE.Index0;6;%;SUM;SUM
CELLSTS_4G;L_RA_TA_UE_INDEX1;C1526728957;NUMBER;12;1;L.RA.TA.UE.Index1;6;%;SUM;SUM
CELLSTS_4G;L_RA_TA_UE_INDEX2;C1526728958;NUMBER;12;1;L.RA.TA.UE.Index2;6;%;SUM;SUM
CELLSTS_4G;L_RA_TA_UE_INDEX3;C1526728959;NUMBER;12;1;L.RA.TA.UE.Index3;6;%;SUM;SUM
CELLSTS_4G;L_RA_TA_UE_INDEX4;C1526728960;NUMBER;12;1;L.RA.TA.UE.Index4;6;%;SUM;SUM
CELLSTS_4G;L_RA_TA_UE_INDEX5;C1526728961;NUMBER;12;1;L.RA.TA.UE.Index5;6;%;SUM;SUM
CELLSTS_4G;L_RA_TA_UE_INDEX6;C1526728962;NUMBER;12;1;L.RA.TA.UE.Index6;6;%;SUM;SUM
CELLSTS_4G;L_RA_TA_UE_INDEX7;C1526728963;NUMBER;12;1;L.RA.TA.UE.Index7;6;%;SUM;SUM
CELLSTS_4G;L_RA_TA_UE_INDEX8;C1526728964;NUMBER;12;1;L.RA.TA.UE.Index8;6;%;SUM;SUM
CELLSTS_4G;L_RA_TA_UE_INDEX9;C1526728965;NUMBER;12;1;L.RA.TA.UE.Index9;6;%;SUM;SUM
CELLSTS_4G;L_RA_TA_UE_INDEX10;C1526728966;NUMBER;12;1;L.RA.TA.UE.Index10;6;%;SUM;SUM
CELLSTS_4G;L_RA_TA_UE_INDEX11;C1526728967;NUMBER;12;1;L.RA.TA.UE.Index11;6;%;SUM;SUM
CELLSTS_4G;LE_RAB_ABNORMREL_MMETOT_VOIP;C1526729916;NUMBER;NULL;1;L.E-RAB.AbnormRel.MMETot.VoIP;6;%;SUM;SUM
CELLSTS_4G;ILCE_ID;ILCE_ID;NUMBER;12;1;NULL;6;NULL;NULL;NULL
CELLSTS_4G;INTRA_INTER_FRQ_EXEC_ATT_OUT;C1526726999;NUMBER;12;1;L.HHO.IntraeNB.InterFreq.ExecAttOut;6;%;SUM;SUM
CELLSTS_4G;INTERE_INTER_FRQ_EXEC_ATT_OUT;C1526727005;NUMBER;12;1;L.HHO.IntereNB.InterFreq.ExecAttOut;6;%;SUM;SUM
CELLSTS_4G;L_UL_INTERFERENCE_AVG;CASE WHEN C1526728298 = 0 THEN NULL ELSE C1526728298 END;NUMBER;12;1;L.UL.Interference.Avg;6;NULL;AVG;AVG
CELLSTS_4G;DL_ACTIVE_USERS;C1526728969;NUMBER;12;1;L.Traffic.ActiveUser.DL.Avg;6;NULL;SUM;AVG
CELLSTS_4G;INTERENB_INTRAFREQ_EXEC_SUC_O;C1526727003;NUMBER;12;1;L.HHO.IntereNB.IntraFreq.ExecSuccOut;6;NULL;SUM;SUM
CELLSTS_4G;INTRAENB_INTRAFREQ_EXEC_SUC_O;C1526726997;NUMBER;12;1;L.HHO.IntraeNB.IntraFreq.ExecSuccOut;6;NULL;SUM;SUM
CELLSTS_4G;INTERENB_INTERFREQ_EXEC_SUC_O;C1526727006;NUMBER;12;1;L.HHO.IntereNB.InterFreq.ExecSuccOut;6;NULL;SUM;SUM
CELLSTS_4G;INTRAENB_INTERFREQ_EXEC_SUC_O;C1526727000;NUMBER;12;1;L.HHO.IntraeNB.InterFreq.ExecSuccOut;6;NULL;SUM;SUM
CELLSTS_4G;INTERENB_INTRAFREQ_EXEC_ATT_O;C1526727002;NUMBER;12;1;L.HHO.IntereNB.IntraFreq.ExecAttOut;6;NULL;SUM;SUM
CELLSTS_4G;INTRAENB_INTRAFREQ_EXEC_ATT_O;C1526726996;NUMBER;12;1;L.HHO.IntraeNB.IntraFreq.ExecAttOut;6;NULL;SUM;SUM
CELLSTS_4G;HANDOVER_CALL_RATIO;C1526728401+C1526728404+C1526729491;NUMBER;12;1;L.IRATHO.SRVCC.E2W.ExecAttOut+L.IRATHO.SRVCC.E2G.ExecAttOut+L.RRCRedirection.E2W.Coverage;6;%;SUM;SUM
CELLSTS_4G;TRAFFIC_VOLUME;C1526728259+C1526728261;NUMBER;12;1;L.Thrp.bits.UL+L.Thrp.bits.DL;6;%;SUM;SUM
CELLSTS_4G;L_THRP_BITS_DL_QCI;"C1526726803+C1526726806+C1526726809+C1526726812+C1526726815+C1526726818+C1526726821+C1526726824+C1526726827
";NUMBER;12;1;L.Thrp.bits.DL.QCI.1+L.Thrp.bits.DL.QCI.2+L.Thrp.bits.DL.QCI.3+L.Thrp.bits.DL.QCI.4+L.Thrp.bits.DL.QCI.5+L.Thrp.bits.DL.QCI.6+L.Thrp.bits.DL.QCI.7+L.Thrp.bits.DL.QCI.8+L.Thrp.bits.DL.QCI.9;6;NULL;SUM;SUM
CELLSTS_4G;TRAFFIC_VOLUME_QCI_1;C1526726803+C1526726776;NUMBER;12;1;L.Thrp.bits.DL.QCI.1+L.Thrp.bits.UL.QCI.1;6;NULL;SUM;SUM
CELLSTS_4G;TRAFFIC_VOLUME_QCI_2;C1526726806+C1526726779;NUMBER;12;1;L.Thrp.bits.DL.QCI.2+L.Thrp.bits.UL.QCI.2;6;NULL;SUM;SUM
CELLSTS_4G;TRAFFIC_VOLUME_QCI_3;C1526726809+C1526726782;NUMBER;12;1;L.Thrp.bits.DL.QCI.3+L.Thrp.bits.UL.QCI.3;6;NULL;SUM;SUM
CELLSTS_4G;TRAFFIC_VOLUME_QCI_4;C1526726812+C1526726785;NUMBER;12;1;L.Thrp.bits.DL.QCI.4+L.Thrp.bits.UL.QCI.4;6;NULL;SUM;SUM
CELLSTS_4G;TRAFFIC_VOLUME_QCI_5;C1526726815+C1526726788;NUMBER;12;1;L.Thrp.bits.DL.QCI.5+L.Thrp.bits.UL.QCI.5;6;NULL;SUM;SUM
CELLSTS_4G;TRAFFIC_VOLUME_QCI_6;C1526726818+C1526726791;NUMBER;12;1;L.Thrp.bits.DL.QCI.6+L.Thrp.bits.UL.QCI.6;6;NULL;SUM;SUM
CELLSTS_4G;TRAFFIC_VOLUME_QCI_7;C1526726821+C1526726794;NUMBER;12;1;L.Thrp.bits.DL.QCI.7+L.Thrp.bits.UL.QCI.7;6;NULL;SUM;SUM
CELLSTS_4G;TRAFFIC_VOLUME_QCI_8;C1526726824+C1526726797;NUMBER;12;1;L.Thrp.bits.DL.QCI.8+L.Thrp.bits.UL.QCI.8;6;NULL;SUM;SUM
CELLSTS_4G;L_THRP_TIME_DL_QCI;"C1526726804+C1526726807+C1526726810+C1526726813+C1526726816+C1526726819+C1526726822+C1526726825+C1526726828
";NUMBER;12;1;"L.Thrp.Time.DL.QCI.1+L_THRP_TIME_DL_QCI_2+L_THRP_TIME_DL_QCI_3+L_THRP_TIME_DL_QCI_4+L_THRP_TIME_DL_QCI_5+L_THRP_TIME_DL_QCI_6+L_THRP_TIME_DL_QCI_7+L_THRP_TIME_DL_QCI_8+L_THRP_TIME_DL_QCI_9
";6;NULL;SUM;SUM
CELLSTS_4G;TRAFFIC_VOLUME_QCI_9;C1526726827+C1526726800;NUMBER;12;1;L.Thrp.bits.DL.QCI.9+L.Thrp.bits.UL.QCI.9;6;NULL;SUM;SUM
CELLSTS_4G;L_THRP_TIME_DL;C1526728262;NUMBER;12;1;L.Thrp.Time.DL;6;NULL;SUM;SUM
CELLSTS_4G;L_THRP_TIME_UL;C1526728260;NUMBER;12;1;L.Thrp.Time.UL;6;NULL;SUM;SUM
CELLSTS_4G;L_THRP_BITS_UL_QCI;"C1526726776+C1526726779+C1526726782+C1526726785+C1526726788+C1526726791+C1526726794+C1526726797+C1526726800
";NUMBER;12;1;"L.Thrp.bits.UL.QCI.1+L.Thrp.bits.UL.QCI.2+L.Thrp.bits.UL.QCI.3+L.Thrp.bits.UL.QCI.4+L.Thrp.bits.UL.QCI.5+L.Thrp.bits.UL.QCI.6+L.Thrp.bits.UL.QCI.7+L.Thrp.bits.UL.QCI.8+L.Thrp.bits.UL.QCI.9
";6;NULL;SUM;SUM
CELLSTS_4G;L_THRP_TIME_UL_QCI;"C1526726777+C1526726780+C1526726783+C1526726786+C1526726789+C1526726792+C1526726795+C1526726798+C1526726801
";NUMBER;12;1;"L.Thrp.Time.UL.QCI.1
+L.Thrp.Time.UL.QCI.2
+L.Thrp.Time.UL.QCI.3
+L.Thrp.Time.UL.QCI.4
+L.Thrp.Time.UL.QCI.5
+L.Thrp.Time.UL.QCI.6
+L.Thrp.Time.UL.QCI.7
+L.Thrp.Time.UL.QCI.8
+L.Thrp.Time.UL.QCI.9
";6;NULL;SUM;SUM
CELLSTS_4G;L_RRC_REDIRECT_E2W_COVERAGE;C1526729491;NUMBER;12;1;L.RRCRedirection.E2W.Coverage;6;%;SUM;SUM
CELLSTS_4G;L_CELL_UNAVAIL_DUR_MANUAL;C1526727210;NUMBER;12;1;L.Cell.Unavail.Dur.Manual;6;NULL;SUM;SUM
CELLSTS_4G;CELL_UNAVAIL_DUR_ENERGYSAVING;C1526728493;NUMBER;12;1;L.Cell.Unavail.Dur.EnergySaving;6;NULL;SUM;SUM
CELLSTS_4G;L_THRP_BITS_UL_LAST_TTI;C1526729049;NUMBER;12;1;L.Thrp.bits.UE.UL.LastTTI;6;NULL;SUM;SUM
CELLSTS_4G;L_THRP_TIME_UL_RMVLAST_TTI;C1526729050;NUMBER;12;1;L.Thrp.Time.UE.UL.RmvLastTTI;6;NULL;SUM;SUM
CELLSTS_4G;REC_CNT;1;NUMBER;12;1;NULL;6;NULL;SUM;MAX
CELLSTS_4G;LE_RAB_ABN_MME_EUTRANGEN_VOIP;C1526729920;NUMBER;12;1;L.E-RAB.AbnormRel.MME.EutranGen.VOIP;6;NULL;SUM;SUM
CELLSTS_4G;LTE_TOTAL_USER;C1526727382+C1526727384+C1526727378;NUMBER;12;1;NULL;6;NULL;SUM;SUM
CELLSTS_4G;MAHALLE_ID;MAHALLE_ID;NUMBER;12;1;NULL;6;NULL;NULL;NULL
CELLSTS_4G;LE_RAB_ABNMREL_RDSRBRS_VOIP;C1526729917;NUMBER;12;1;L.E-RAB.AbnormRel.Radio.SRBReset.VoIP;6;NULL;SUM;SUM
CELLSTS_4G;LE_RAB_ABNMREL_RDNORP_VOIP;C1526729918;NUMBER;12;1;L.E-RAB.AbnormRel.Radio.NoReply.VoIP;6;NULL;SUM;SUM
CELLSTS_4G;LE_RAB_ABNMREL_RDULSYFL_VOIP;C1526729919;NUMBER;12;1;L.E-RAB.AbnormRel.Radio.ULSyncFail.VoIP;6;NULL;SUM;SUM
CELLSTS_4G;LE_RAB_ABNMREL_MME_EUTR_VOIP;C1526729920;NUMBER;12;1;L.E-RAB.AbnormRel.MME.EUtranGen.VoIP;6;NULL;SUM;SUM
CELLSTS_4G;LE_RAB_ABNMREL_RADIO_VOIP;C1526729921;NUMBER;12;1;L.E-RAB.AbnormRel.Radio.VoIP;6;NULL;SUM;SUM
CELLSTS_4G;LE_RAB_ABNMREL_HOFL_VOIP;C1526729922;NUMBER;12;1;L.E-RAB.AbnormRel.HOFailure.VoIP;6;NULL;SUM;SUM
CELLSTS_4G;LE_RAB_ABNMREL_CONG_VOIP;C1526729923;NUMBER;12;1;L.E-RAB.AbnormRel.Cong.VoIP;6;NULL;SUM;SUM
CELLSTS_4G;LE_RAB_ABNMREL_TNL_VOIP;C1526729925;NUMBER;12;1;L.E-RAB.AbnormRel.TNL.VoIP;6;NULL;SUM;SUM
CELLSTS_4G;LE_RAB_ABNMREL_TNL_PREMP_VP;C1526729928;NUMBER;12;1;L.E-RAB.AbnormRel.TNL.PreEmp.VoIP;6;NULL;SUM;SUM
CELLSTS_4G;LE_RAB_ABNMREL_TNL_LOAD_VOIP;C1526729929;NUMBER;12;1;L.E-RAB.AbnormRel.TNL.Load.VoIP;6;NULL;SUM;SUM
CELLSTS_4G;L_TRAFFIC_BITS_UL_PCELL;C1526733017;NUMBER;12;1;L.CA.Traffic.bits.UL.PCell;6;NULL;SUM;SUM
CELLSTS_4G;L_TRAFFIC_BITS_UL_SCELL;C1526733018;NUMBER;12;1;L.CA.Traffic.bits.UL.SCell;6;NULL;SUM;SUM
CELLSTS_4G;EXCELLENT_MCS_RATIO_NUM;C1526727461+C1526727462+C1526727463+C1526727464+C1526727465+C1526727466+C1526727467+C1526727468+C1526727469+C1526727470+C1526727471+C1526727472;NUMBER;12;1;L.ChMeas.PDSCH.MCS.17+L.ChMeas.PDSCH.MCS.18+L.ChMeas.PDSCH.MCS.19+L.ChMeas.PDSCH.MCS.20+L.ChMeas.PDSCH.MCS.21+L.ChMeas.PDSCH.MCS.22+L.ChMeas.PDSCH.MCS.23+L.ChMeas.PDSCH.MCS.24+L.ChMeas.PDSCH.MCS.25+L.ChMeas.PDSCH.MCS.26+L.ChMeas.PDSCH.MCS.27+L.ChMeas.PDSCH.MCS.28;6;NULL;SUM;SUM
CELLSTS_4G;L_THRP_BITS_DL_LAST_TTI;C1526729005;NUMBER;12;1;NULL;6;NULL;SUM;SUM
CELLSTS_4G;BAD_CQI_RATIO_NUM;C1526727396+C1526727397+C1526727398+C1526727399+C1526727400+C1526727401+C1526727402;NUMBER;12;1;L.ChMeas.CQI.DL.0+L.ChMeas.CQI.DL.1+L.ChMeas.CQI.DL.2+L.ChMeas.CQI.DL.3+L.ChMeas.CQI.DL.4+L.ChMeas.CQI.DL.5+L.ChMeas.CQI.DL.6;6;NULL;SUM;SUM
CELLSTS_4G;BAD_CQI_RATIO_DEN;C1526727396+C1526727397+C1526727398+C1526727399+C1526727400+C1526727401+C1526727402+C1526727403+C1526727404+C1526727405+C1526727406+C1526727407+C1526727408+C1526727409+C1526727410+C1526727411;NUMBER;12;1;L.ChMeas.CQI.DL.0+L.ChMeas.CQI.DL.1+L.ChMeas.CQI.DL.2+L.ChMeas.CQI.DL.3+L.ChMeas.CQI.DL.4+L.ChMeas.CQI.DL.5+L.ChMeas.CQI.DL.6+L.ChMeas.CQI.DL.7+L.ChMeas.CQI.DL.8+L.ChMeas.CQI.DL.9+L.ChMeas.CQI.DL.10+L.ChMeas.CQI.DL.11+L.ChMeas.CQI.DL.12+L.ChMeas.CQI.DL.13+L.ChMeas.CQI.DL.14+L.ChMeas.CQI.DL.15;6;NULL;SUM;SUM
CELLSTS_4G;FAIR_CQI_RATIO_NUM;C1526727403+C1526727404+C1526727405;NUMBER;12;1;Pay = L.ChMeas.CQI.DL.7+L.ChMeas.CQI.DL.8+L.ChMeas.CQI.DL.9;6;NULL;SUM;SUM
CELLSTS_4G;GOOD_CQI_RATIO_NUM;C1526727406+C1526727407+C1526727408+C1526727409+C1526727410+C1526727411;NUMBER;12;1;L.ChMeas.CQI.DL.10+L.ChMeas.CQI.DL.11+L.ChMeas.CQI.DL.12+L.ChMeas.CQI.DL.13+L.ChMeas.CQI.DL.14+L.ChMeas.CQI.DL.15;6;NULL;SUM;SUM
CELLSTS_4G;BAD_MCS_RATIO_NUM;C1526727444+C1526727445+C1526727446+C1526727447+C1526727448+C1526727449+C1526727450+C1526727451+C1526727452+C1526727453;NUMBER;12;1;L.ChMeas.PDSCH.MCS.0+L.ChMeas.PDSCH.MCS.1+L.ChMeas.PDSCH.MCS.2+L.ChMeas.PDSCH.MCS.3+L.ChMeas.PDSCH.MCS.4+L.ChMeas.PDSCH.MCS.5+L.ChMeas.PDSCH.MCS.6+L.ChMeas.PDSCH.MCS.7+L.ChMeas.PDSCH.MCS.8+L.ChMeas.PDSCH.MCS.9;6;NULL;SUM;SUM
CELLSTS_4G;BAD_MCS_RATIO_DEN;"C1526727444+C1526727445+C1526727446+C1526727447+C1526727448+C1526727449+C1526727450+C1526727451+C1526727452+C1526727453+C1526727454+C1526727455+C1526727456+C1526727457+C1526727458+C1526727459+C1526727460+C1526727461+C1526727462+C1526727463+C1526727464+C1526727465+C1526727466+C1526727467+C1526727468+C1526727469+C1526727470+C1526727471+C1526727472
";NUMBER;12;1;L.ChMeas.PDSCH.MCS.0+L.ChMeas.PDSCH.MCS.1+L.ChMeas.PDSCH.MCS.2+L.ChMeas.PDSCH.MCS.3+L.ChMeas.PDSCH.MCS.4+L.ChMeas.PDSCH.MCS.5+L.ChMeas.PDSCH.MCS.6+L.ChMeas.PDSCH.MCS.7+L.ChMeas.PDSCH.MCS.8+L.ChMeas.PDSCH.MCS.9+L.ChMeas.PDSCH.MCS.10+L.ChMeas.PDSCH.MCS.11+L.ChMeas.PDSCH.MCS.12+L.ChMeas.PDSCH.MCS.13+L.ChMeas.PDSCH.MCS.14+L.ChMeas.PDSCH.MCS.15+L.ChMeas.PDSCH.MCS.16+L.ChMeas.PDSCH.MCS.17+L.ChMeas.PDSCH.MCS.18+L.ChMeas.PDSCH.MCS.19+L.ChMeas.PDSCH.MCS.20+L.ChMeas.PDSCH.MCS.21+L.ChMeas.PDSCH.MCS.22+L.ChMeas.PDSCH.MCS.23+L.ChMeas.PDSCH.MCS.24+L.ChMeas.PDSCH.MCS.25+L.ChMeas.PDSCH.MCS.26+L.ChMeas.PDSCH.MCS.27+L.ChMeas.PDSCH.MCS.28;6;NULL;SUM;SUM
CELLSTS_4G;GOOD_MCS_RATIO_NUM;C1526727454+C1526727455+C1526727456+C1526727457+C1526727458+C1526727459+C1526727460;NUMBER;12;1;L.ChMeas.PDSCH.MCS.10+L.ChMeas.PDSCH.MCS.11+L.ChMeas.PDSCH.MCS.12+L.ChMeas.PDSCH.MCS.13+L.ChMeas.PDSCH.MCS.14+L.ChMeas.PDSCH.MCS.15+L.ChMeas.PDSCH.MCS.16;6;NULL;SUM;SUM
CELLSTS_4G;AVG_MCS_NUM;C1526727444*0+C1526727445*1+C1526727446*2+C1526727447*3+C1526727448*4+C1526727449*5+C1526727450*6+C1526727451*7+C1526727452*8+C1526727453*9+C1526727454*10+C1526727455*11+C1526727456*12+C1526727457*13+C1526727458*14+C1526727459*15+C1526727460*16+C1526727461*17+C1526727462*18+C1526727463*19+C1526727464*20+C1526727465*21+C1526727466*22+C1526727467*23+C1526727468*24+C1526727469*25+C1526727470*26+C1526727471*27+C1526727472*28;NUMBER;12;1;(L.ChMeas.PDSCH.MCS.0x0)+(L.ChMeas.PDSCH.MCS.1x1)+(L.ChMeas.PDSCH.MCS.2x2)+(L.ChMeas.PDSCH.MCS.3x3)+(L.ChMeas.PDSCH.MCS.4x4)+(L.ChMeas.PDSCH.MCS.5x5)+(L.ChMeas.PDSCH.MCS.6x6)+(L.ChMeas.PDSCH.MCS.7x7)+(L.ChMeas.PDSCH.MCS.8x8)+(L.ChMeas.PDSCH.MCS.9x9)+(L.ChMeas.PDSCH.MCS.10x10)+(L.ChMeas.PDSCH.MCS.11x11)+(L.ChMeas.PDSCH.MCS.12x12)+(L.ChMeas.PDSCH.MCS.13x13)+(L.ChMeas.PDSCH.MCS.14x14)+(L.ChMeas.PDSCH.MCS.15x15)+(L.ChMeas.PDSCH.MCS.16x16)+(L.ChMeas.PDSCH.MCS.17x17)+(L.ChMeas.PDSCH.MCS.18x18)+(L.ChMeas.PDSCH.MCS.19x19)+(L.ChMeas.PDSCH.MCS.20x20)+(L.ChMeas.PDSCH.MCS.21x21)+(L.ChMeas.PDSCH.MCS.22x22)+(L.ChMeas.PDSCH.MCS.23x23)+(L.ChMeas.PDSCH.MCS.24x24)+(L.ChMeas.PDSCH.MCS.25x25)+(L.ChMeas.PDSCH.MCS.26x26)+(L.ChMeas.PDSCH.MCS.27x27)+(L.ChMeas.PDSCH.MCS.28x28);6;NULL;SUM;SUM
CELLSTS_4G;INTERNB_PATHSUCC;C1526728354;NUMBER;12;1;L.HHO.IntereNB.PathSwSucc;6;NULL;SUM;SUM
CELLSTS_4G;INTERNB_PATHSWATT;C1526728353;NUMBER;12;1;L.HHO.IntereNB.PathSwAtt;6;NULL;SUM;SUM
CELLSTS_4G;L_CA_TRAFF_BITS_DL_PCELL;C1526732658;NUMBER;12;1;L.CA.Traffic.bits.DL.PCell;6;NULL;SUM;SUM
CELLSTS_4G;L_CA_TRAFF_BITS_DL_SCELL;C1526729259;NUMBER;12;1;L.CA.Traffic.bits.DL.SCell;6;NULL;SUM;SUM
CELLSTS_4G;VQI_UL_TotalValue;C1526741681;NUMBER;12;1;L.Voice.VQI.UL.TotalValue;6;NULL;SUM;SUM
CELLSTS_4G;VQI_UL_Excellent_Times;C1526728411;NUMBER;12;1;L.Voice.VQI.UL.Excellent.Times;6;NULL;SUM;SUM
CELLSTS_4G;VQI_UL_Good_Times;C1526728412;NUMBER;12;1;L.Voice.VQI.UL.Good.Times;6;NULL;SUM;SUM
CELLSTS_4G;VQI_UL_Accept_Times;C1526728413;NUMBER;12;1;L.Voice.VQI.UL.Accept.Times;6;NULL;SUM;SUM
CELLSTS_4G;VQI_UL_Poor_Times;C1526728414;NUMBER;12;1;L.Voice.VQI.UL.Poor.Times;6;NULL;SUM;SUM
CELLSTS_4G;VQI_UL_Bad_Times;C1526728415;NUMBER;12;1;L.Voice.VQI.UL.Bad.Times;6;NULL;SUM;SUM
CELLSTS_4G;VQI_UL_Average_DEN;C1526728411+C1526728412+C1526728413+C1526728414+C1526728415;NUMBER;12;1;L.Voice.VQI.UL.Excellent.Times + L.Voice.VQI.UL.Good.Times + L.Voice.VQI.UL.Accept.Times + L.Voice.VQI.UL.Poor.Times + L.Voice.VQI.UL.Bad.Times;6;NULL;SUM;SUM
CELLSTS_4G;VQI_UL_BAD_Percentage_NUM;C1526728414+C1526728415;NUMBER;12;1;L.Voice.VQI.UL.Poor.Times + L.Voice.VQI.UL.Bad.Times;6;NULL;SUM;SUM
CELLSTS_4G;SRVCC_E2W_PrepAttOut;C1526728400;NUMBER;12;1;L.IRATHO.SRVCC.E2W.PrepAttOut;6;NULL;SUM;SUM
CELLSTS_4G;SRVCC_E2W_ExecAttOut;C1526728401;NUMBER;12;1;L.IRATHO.SRVCC.E2W.ExecAttOut;6;NULL;SUM;SUM
CELLSTS_4G;SRVCC_E2W_ExecSuccOut;C1526728402;NUMBER;12;1;L.IRATHO.SRVCC.E2W.ExecSuccOut;6;NULL;SUM;SUM
CELLSTS_4G;SRVCC_E2G_ExecAttOut;C1526728404;NUMBER;12;1;L.IRATHO.SRVCC.E2G.ExecAttOut;6;NULL;SUM;SUM
CELLSTS_4G;SRVCC_E2G_ExecSuccOut;C1526728405;NUMBER;12;1;L.IRATHO.SRVCC.E2G.ExecSuccOut;6;NULL;SUM;SUM
CELLSTS_4G;SRVCC_Exec_E2W_Fail_Rate_NUM;C1526728401-C1526728402;NUMBER;12;1;L.IRATHO.SRVCC.E2W.ExecAttOut - L.IRATHO.SRVCC.E2W.ExecSuccOut;6;NULL;SUM;SUM
CELLSTS_4G;SRVCC_Exec_E2G_Fail_Rate_NUM;C1526728404-C1526728405;NUMBER;12;1;L.IRATHO.SRVCC.E2G.ExecAttOut - L.IRATHO.SRVCC.E2G.ExecSuccOut;6;NULL;SUM;SUM
CELLSTS_4G;SRVCC_Exec_Fail_Rate_NUM;C1526728401+C1526728404-C1526728402-C1526728405;NUMBER;12;1;L.IRATHO.SRVCC.E2W.ExecAttOut +  L.IRATHO.SRVCC.E2G.ExecAttOut - L.IRATHO.SRVCC.E2W.ExecSuccOut - L.IRATHO.SRVCC.E2G.ExecSuccOut;6;NULL;SUM;SUM
CELLSTS_4G;SRVCC_Exec_Fail_Rate_DEN;C1526728401+C1526728404;NUMBER;12;1;L.IRATHO.SRVCC.E2W.ExecAttOut + L.IRATHO.SRVCC.E2G.ExecAttOut;6;NULL;SUM;SUM
CELLSTS_4G;SRVCC_E2G_PrepAttOut;C1526728403;NUMBER;12;1;L.IRATHO.SRVCC.E2G.PrepAttOut;6;NULL;SUM;SUM
CELLSTS_4G;DL_IBLER_RATIO_NUM;C1526728180+C1526728182+C1526728184+C1526739660;NUMBER;12;1;NULL;6;NULL;SUM;SUM
CELLSTS_4G;DL_RATIO_DEN;C1526727354+C1526727355+C1526727356+C1526739656;NUMBER;12;1;NULL;6;NULL;SUM;SUM
CELLSTS_4G;L_CHMEAS_DFEE_RFOFF_DUR;C1526728150;NUMBER;12;1;L.ChMeas.DFEE.RFOFF.Dur;6;NULL;SUM;SUM
CELLSTS_4G;L_CHMEAS_DFEE_OPPRFOFF_DUR;C1526746656;NUMBER;12;1;L.ChMeas.DFEE.OppRFOFF.Dur;6;NULL;SUM;SUM
CELLSTS_4G;L_THRP_BITS_DL_QCI_3;C1526726809;NUMBER;12;1;NULL;6;NULL;SUM;SUM
CELLSTS_4G;L_THRP_BITS_DL_LASTTTI_QCI_3;C1526729008;NUMBER;12;1;NULL;6;NULL;SUM;SUM
CELLSTS_4G;L_THRP_TIME_DL_RMVLASTTTI_QCI3;C1526729018;NUMBER;12;1;NULL;6;NULL;SUM;SUM
CELLSTS_4G;L_THRP_TIME_DLRMVLASTTI_QCI6;C1526729021;NUMBER;12;1;NULL;6;NULL;SUM;SUM
CELLSTS_4G;MAX_ACTV_USER_UL_PILOT;C1526728973;NUMBER;12;1;L.Traffic.ActiveUser.UL.Max;6;NULL;SUM;MAX
CELLSTS_4G;MAX_ACTIVE_USER_DL_PILOT;C1526728970;NUMBER;12;1;L.Traffic.ActiveUser.DL.Max;6;NULL;SUM;MAX
CELLSTS_4G;UL_ACTIVE_USERS_AVG;C1526728972;NUMBER;12;1;L.Traffic.ActiveUser.UL.Avg;6;NULL;SUM;AVG
CELLSTS_4G;MAX_DATA_USERS;C1526728335;NUMBER;12;1;L.Traffic.User.Data.Max;6;NULL;SUM;MAX
CELLSTS_4G;AVG_DATA_USERS;C1526728336;NUMBER;12;1;L.Traffic.User.Data.Avg;6;NULL;SUM;AVG
CELLSTS_4G;AVG_ACT_USERS;C1526728975;NUMBER;12;1;"L.Traffic.ActiveUser.Avg
";6;NULL;SUM;AVG
CELLSTS_4G;MAX_ACT_USERS;C1526728976;NUMBER;12;1;"L.Traffic.ActiveUser.Max
";6;NULL;SUM;MAX
CELLSTS_4G;L_E2W_COVERAGE_PREP_ATT_OUT;C1526729485;NUMBER;12;1;L.IRATHO.E2W.Coverage.PrepAttOut;6;NULL;SUM;SUM
CELLSTS_4G;L_E2G_COVERAGE_PREP_ATT_OUT;C1526729488;NUMBER;12;1;L.IRATHO.E2G.Coverage.PrepAttOut;6;NULL;SUM;SUM
CELLSTS_4G;L_E2W_COVERAGE_EXEC_SUCC_OUT;C1526729487;NUMBER;12;1;L.IRATHO.E2W.Coverage.ExecSuccOut;6;NULL;SUM;SUM
CELLSTS_4G;L_E2G_COVERAGE_EXEC_SUCC_OUT;C1526729490;NUMBER;12;1;L.IRATHO.E2G.Coverage.ExecSuccOut;6;NULL;SUM;SUM
CELLSTS_4G;DL_NONGBR_USER_THR_NUM_FWA;(C1526728261-C1526729005)-((C1526726803+C1526726806+C1526726809+C1526726815)-(C1526729006+C1526729007+C1526729008+C1526729009+C1526729010));NUMBER;12;1;(L.Thrp.bits.DL - L.Thrp.bits.DL.LastTTI)-((L.Thrp.bits.DL.QCI.1+L.Thrp.bits.DL.QCI.2+L.Thrp.bits.DL.QCI.3+L.Thrp.bits.DL.QCI.4+L.Thrp.bits.DL.QCI.5)-(L.Thrp.bits.DL.LastTTI.QCI.1+L.Thrp.bits.DL.LastTTI.QCI.2+L.Thrp.bits.DL.LastTTI.QCI.3+L.Thrp.bits.DL.LastTTI.QCI.4+L.Thrp.bits.DL.LastTTI.QCI.5));6;NULL;SUM;SUM
CELLSTS_4G;DL_NONGBR_USER_THR_DEN_FWA;C1526729015-(C1526729016+C1526729017+C1526729018+C1526729019+C1526729020);NUMBER;12;1;L.Thrp.Time.DL.RmvLastTTI-(L.Thrp.Time.DL.RmvLastTTI.QCI.1+L.Thrp.Time.DL.RmvLastTTI.QCI.2+L.Thrp.Time.DL.RmvLastTTI.QCI.3+L.Thrp.Time.DL.RmvLastTTI.QCI.4+L.Thrp.Time.DL.RmvLastTTI.QCI.5);6;NULL;SUM;SUM
CELLSTS_4G;AVG_CQI_256QM_NUM_FWA;1*(C1526727397+C1526729336+C1526729368+C1526729400-C1526739663)+2*(C1526727398+C1526729337+C1526729369+C1526729401-C1526739664)+3*(C1526727399+C1526729338+C1526729370+C1526729402-C1526739665)+4*(C1526727400+C1526729339+C1526729371+C1526729403-C1526739666)+5*(C1526727401+C1526729340+C1526729372+C1526729404-C1526739667)+6*(C1526727402+C1526729341+C1526729373+C1526729405-C1526739668)+7*(C1526727403+C1526729342+C1526729374+C1526729406-C1526739669)+8*(C1526727404+C1526729343+C1526729375+C1526729407-C1526739670)+9*(C1526727405+C1526729344+C1526729376+C1526729408-C1526739671)+10*(C1526727406+C1526729345+C1526729377+C1526729409-C1526739672)+11*(C1526727407+C1526729346+C1526729378+C1526729410-C1526739673)+12*(C1526727408+C1526729347+C1526729379+C1526729411-C1526739674)+13*(C1526727409+C1526729348+C1526729380+C1526729412-C1526739675)+14*(C1526727410+C1526729349+C1526729381+C1526729413-C1526739676)+15*(C1526727411+C1526729350+C1526729382+C1526729414-C1526739677);NUMBER;12;1;x*(L.ChMeas.CQI.DL.x + L.ChMeas.CQI.DL.SingleCW.Aperiodic.x + L.ChMeas.CQI.DL.DualCW.Code0.Aperiodic.x + L.ChMeas.CQI.DL.DualCW.Code1.Aperiodic.x - L.ChMeas.DL.256QAM.CQI.DL.x);6;NULL;SUM;SUM
CELLSTS_4G;AVG_CQI_256QM_DEN_FWA;(C1526727397+C1526729336+C1526729368+C1526729400-C1526739663)+(C1526727398+C1526729337+C1526729369+C1526729401-C1526739664)+ (C1526727399+C1526729338+C1526729370+C1526729402-C1526739665)+(C1526727400+C1526729339+C1526729371+C1526729403-C1526739666)+(C1526727401+C1526729340+C1526729372+C1526729404-C1526739667)+(C1526727402+C1526729341+C1526729373+C1526729405-C1526739668)+(C1526727403+C1526729342+C1526729374+C1526729406-C1526739669)+(C1526727404+C1526729343+C1526729375+C1526729407-C1526739670)+(C1526727405+C1526729344+C1526729376+C1526729408-C1526739671)+(C1526727406+C1526729345+C1526729377+C1526729409-C1526739672)+(C1526727407+C1526729346+C1526729378+C1526729410-C1526739673)+(C1526727408+C1526729347+C1526729379+C1526729411-C1526739674)+(C1526727409+C1526729348+C1526729380+C1526729412-C1526739675)+(C1526727410+C1526729349+C1526729381+C1526729413-C1526739676)+(C1526727411+C1526729350+C1526729382+C1526729414-C1526739677);NUMBER;12;1;L.ChMeas.CQI.DL.x + L.ChMeas.CQI.DL.SingleCW.Aperiodic.x + L.ChMeas.CQI.DL.DualCW.Code0.Aperiodic.x + L.ChMeas.CQI.DL.DualCW.Code1.Aperiodic.x - L.ChMeas.DL.256QAM.CQI.DL.x;6;NULL;SUM;SUM
CELLSTS_4G;DL_ACTIVE_USERS_FWA;C1526745881;NUMBER;12;1;L.Thrp.Time.DL.RmvLastTTI.WBB;6;NULL;SUM;SUM
CELLSTS_4G;DL_USER_THRPUT_FWA_NUM;C1526745879-C1526745880;NUMBER;12;1;L.Thrp.bits.DL.WBB ? L.Thrp.bits.DL.LastTTI.WBB;6;NULL;SUM;SUM
CELLSTS_4G;DL_USER_THRPUT_FWA_DEN;C1526745881;NUMBER;12;1;L.Thrp.Time.DL.RmvLastTTI.WBB;6;NULL;SUM;SUM
CELLSTS_4G;DL_DATA_VOLUME_FWA;C1526745879;NUMBER;12;1;L.Thrp.bits.DL.WBB;6;NULL;SUM;SUM
CELLSTS_4G;DL_FIRST_PACKET_DELAY_NUM;C1526732765;NUMBER;12;1;L.Traffic.DL.EmptyBuf.PDCPLat.Time;6;NULL;SUM;SUM
CELLSTS_4G;DL_FIRST_PACKET_DELAY_DEN;C1526732755;NUMBER;12;1;L.Traffic.DL.EmptyBuf.PDCPLat.Num;6;NULL;SUM;SUM
CELLSTS_4G;DL_FIRST_PACKET_DELAY_MOB_NUM;C1526732771+C1526732772+C1526732773+C1526732774;NUMBER;12;1;L.Traffic.DL.EmptyBuf.PDCPLat.Time.QCI.x;6;NULL;SUM;SUM
CELLSTS_4G;DL_FIRST_PACKET_DELAY_MOB_DEN;C1526732761+C1526732762+C1526732763+C1526732764;NUMBER;12;1;L.Traffic.DL.EmptyBuf.PDCPLat.Num.QCI.x;6;NULL;SUM;SUM
CELLSTS_4G;DL_FIRST_PACKET_DELAY_FWA_NUM;C1526732765-(C1526732766+C1526732767+C1526732768+C1526732769+C1526732770+C1526732771+C1526732772+C1526732773+C1526732774);NUMBER;12;1;L.Traffic.DL.EmptyBuf.PDCPLat.Time-(L.Traffic.DL.EmptyBuf.PDCPLat.Time.QCI.x);6;NULL;SUM;SUM
CELLSTS_4G;DL_FIRST_PACKET_DELAY_FWA_DEN;C1526732755-(C1526732756+C1526732757+C1526732758+C1526732759+C1526732760+C1526732761+C1526732762+C1526732763+C1526732764);NUMBER;12;1;L.Traffic.DL.EmptyBuf.PDCPLat.Num-(L.Traffic.DL.EmptyBuf.PDCPLat.Num.QCI.x);6;NULL;SUM;SUM
CELLSTS_4G;DL_NONGBR_USER_EXPERIENCE_NUM;(C1526728261-C1526729005)-((C1526726803-C1526729006)+(C1526726806-C1526729007)+(C1526726809-C1526729008)+(C1526726812-C1526729009)+(C1526726815-C1526729010));NUMBER;12;1;(L.Thrp.bits.DL-L.Thrp.bits.DL.LastTTI) - (L.Thrp.bits.DL.QCI.x-L.Thrp.bits.DL.LastTTI.QCI.x);6;NULL;SUM;SUM
CELLSTS_4G;RAB_RELEASE_UNSYN;C1526728436;NUMBER;12;1;L.E-RAB.Release.Unsyn;6;NULL;SUM;SUM
CELLSTS_4G;RA_GRP_NUM;C1526727217+C1526727220+C1526727225;NUMBER;12;1;L.RA.GrpA.ContResolution+L.RA.GrpB.ContResolution+L.RA.Dedicate.HO.Msg3Rcv;6;NULL;SUM;SUM
CELLSTS_4G;RA_GRP_DEN;C1526727215+C1526727218+C1526727222;NUMBER;12;1;L.RA.GrpA.Att+L.RA.GrpB.Att+L.RA.Dedicate.HO.Att;6;NULL;SUM;SUM
CELLSTS_4G;DL_NONGBR_USER_EXPERIENCE_DEN;(C1526729015+C1526732765)-(C1526729016+C1526732766+C1526729017+C1526732767+C1526729018+C1526732768+C1526729019+C1526732769+C1526729020+C1526732770);NUMBER;12;1;(L.Thrp.Time.DL.RmvLastTTI+L.Traffic.DL.EmptyBuf.PDCPLat.Time)-(L.Thrp.Time.DL.RmvLastTTI.QCI.x+L.Traffic.DL.EmptyBuf.PDCPLat.Time.QCI.x);6;NULL;SUM;SUM
CELLSTS_4G;AVERAGE_CQI_NON256QAM_NUM;1*C1526739663+2*C1526739664+3*C1526739665+4*C1526739666+5*C1526739667+6*C1526739668+7*C1526739669+8*C1526739670+9*C1526739671+10*C1526739672+11*C1526739673+12*C1526739674+13*C1526739675+14*C1526739676+15*C1526739677;NUMBER;12;1;(L.Thrp.bits.UL - L.Thrp.bits.UE.UL.LastTTI)-((L.Thrp.bits.UL.QCI.1+L.Thrp.bits.UL.QCI.2+L.Thrp.bits.UL.QCI.3+L.Thrp.bits.UL.QCI.4+L.Thrp.bits.UL.QCI.5)-(L.Thrp.bits.UE.UL.LastTTI.QCI.1+L.Thrp.bits.UE.UL.LastTTI.QCI.2+L.Thrp.bits.UE.UL.LastTTI.QCI.3+L.Thrp.bits.UE.UL.LastTTI.QCI.4+L.Thrp.bits.UE.UL.LastTTI.QCI.5));6;NULL;SUM;SUM
CELLSTS_4G;AVERAGE_CQI_NON256QAM_DEN;C1526739663+C1526739664+C1526739665+C1526739666+C1526739667+C1526739668+C1526739669+C1526739670+C1526739671+C1526739672+C1526739673+C1526739674+C1526739675+C1526739676+C1526739677;NUMBER;12;1;L.ChMeas.DL.256QAM.CQI.DL.x;6;NULL;SUM;SUM
CELLSTS_4G;DL_RBLER_RATIO_NUM;C1526728181+C1526728183+C1526728185+C1526739661;NUMBER;12;1;NULL;6;NULL;SUM;SUM
CELLSTS_4G;DL_TB_RETRANS_RATIO_NUM;C1526727360+C1526727361+C1526727362+C1526739658;NUMBER;12;1;NULL;6;NULL;SUM;SUM
CELLSTS_4G;DL_BITS_RETRANS_RATIO_NUM;C1526727363+C1526727364+C1526727365+C1526739659;NUMBER;12;1;NULL;6;NULL;SUM;SUM
CELLSTS_4G;DL_BITS_RETRANS_RATIO_DEN;C1526727357+C1526727358+C1526727359+C1526739657;NUMBER;12;1;NULL;6;NULL;SUM;SUM
CELLSTS_4G;ERAB_STP_SUCC_RATE_QCI_133_NUM;C1526741788;NUMBER;12;1;L.E-RAB.SuccEst.ExtQCI.Index3;6;NULL;SUM;SUM
CELLSTS_4G;ERAB_STP_SUCC_RATE_QCI_133_DEN;C1526741783;NUMBER;12;1;L.E-RAB.AttEst.ExtQCI.Index3;6;NULL;SUM;SUM
CELLSTS_4G;ERAB_ABN_REL_RATE_QCI_133_NUM;C1526741793;NUMBER;12;1;L.E-RAB.AbnormRel.ExtQCI.Index3;6;NULL;SUM;SUM
CELLSTS_4G;ERAB_ABN_REL_RATE_QCI_133_DEN;C1526741798;NUMBER;12;1;L.E-RAB.NormRel.ExtQCI.Index3;6;NULL;SUM;SUM
CELLSTS_4G;UL_TRAFF_QCI_133_MB_NUM;C1526741814;NUMBER;12;1;L.Thrp.bits.UL.ExtQCI.Index3;6;NULL;SUM;SUM
CELLSTS_4G;DL_TRAFF_QCI_133_MB_NUM;C1526741824;NUMBER;12;1;L.Thrp.bits.DL.ExtQCI.Index3;6;NULL;SUM;SUM
CELLSTS_4G;UL_TRAFF_QCI_133_MB_DEN;C1526741819;NUMBER;12;1;L.Thrp.Time.UL.ExtQCI.Index3;6;NULL;SUM;SUM
CELLSTS_4G;DL_TRAFF_QCI_133_MB_DEN;C1526741829;NUMBER;12;1;L.Thrp.Time.DL.ExtQCI.Index3;6;NULL;SUM;SUM
CELLSTS_4G;KPI160_EXT3;C1526728261-(C1526726803+C1526726806+C1526726809+C1526726812+C1526726815+C1526726818+C1526726821+C1526726824+C1526726827)-C1526745879;NUMBER;12;1;NULL;6;NULL;SUM;SUM
CELLSTS_4G;LE_RAB_SUCCEST_EXTQCI_INDEX5;C1526749362;NUMBER;12;1;L.E-RAB.SuccEst.ExtQCI.Index5;6;NULL;SUM;SUM
CELLSTS_4G;LERAB_ABNORMREL_EXTQCI_INDX5;C1526749366;NUMBER;12;1;L.E-RAB.AbnormRel.ExtQCI.Index5;6;NULL;SUM;SUM
CELLSTS_4G;DL_NONGBR_ACTIVE_USERS_NUM;(C1526726818-C1526729011)+(C1526726821-C1526729012)+(C1526726824-C1526729013)+(C1526726827-C1526729014);NUMBER;12;1;(L.Thrp.bits.DL.QCI.6-L.Thrp.bits.DL.LastTTI.QCI.6)+(L.Thrp.bits.DL.QCI.7-L.Thrp.bits.DL.LastTTI.QCI.7)+(L.Thrp.bits.DL.QCI.8-L.Thrp.bits.DL.LastTTI.QCI.8)+(L.Thrp.bits.DL.QCI.9-L.Thrp.bits.DL.LastTTI.QCI.9);6;NULL;SUM;SUM
CELLSTS_4G;PS_RAB_EST_SR_QCI6_QCI9_DEN;C1526726678+C1526726680+C1526726682+C1526726684;NUMBER;12;1;L.E-RAB.AttEst.QCI.6+L.E-RAB.AttEst.QCI.7+L.E-RAB.AttEst.QCI.8+L.E-RAB.AttEst.QCI.9;6;NULL;SUM;SUM
CELLSTS_4G;PS_RAB_EST_SR_QCI6_QCI9_NUM;C1526726679+C1526726681+C1526726683+C1526726685;NUMBER;12;1;L.E-RAB.SuccEst.QCI.6+L.E-RAB.SuccEst.QCI.7+L.E-RAB.SuccEst.QCI.8+L.E-RAB.SuccEst.QCI.9;6;NULL;SUM;SUM
CELLSTS_4G;L1_SERV_ABN_RELR_NUM;C1526728319+C1526728292-C1526729911;NUMBER;12;1;L.E-RAB.AbnormRel.eNBTot + L.E-RAB.AbnormRel.MME - L.E-RAB.AbnormRel.MME.EUtranGen;6;NULL;SUM;SUM
CELLSTS_4G;L_THRP_BITS_DL_QCI2;C1526726806;NUMBER;12;1;L.Thrp.bits.DL.QCI.2;6;NULL;SUM;SUM
CELLSTS_4G;L_THRP_BITS_UL_QCI2;C1526726779;NUMBER;12;1;L.Thrp.bits.UL.QCI.2;6;NULL;SUM;SUM
CELLSTS_4G;DLAVERAGETHROUGHPUT_QCI_2_NUM;C1526726806-C1526729007;NUMBER;12;1;L.Thrp.bits.DL.QCI.2-L.Thrp.bits.DL.LastTTI.QCI.2;6;NULL;SUM;SUM
CELLSTS_4G;THRP_TIME_DL_RMVLASTTTI_QCI2;C1526729017;NUMBER;12;1;L.Thrp.Time.DL.RmvLastTTI.QCI.2;6;NULL;SUM;SUM
CELLSTS_4G;L_THRP_TIME_UL_QCI2;C1526726780;NUMBER;12;1;L.Thrp.Time.UL.QCI.2;6;NULL;SUM;SUM
CELLSTS_4G;LE_RAB_ABNORMREL_QCI2;C1526726688;NUMBER;12;1;L.E-RAB.AbnormRel.QCI.2;6;NULL;SUM;SUM
CELLSTS_4G;LE_RAB_NORMREL_QCI2;C1526726689;NUMBER;12;1;L.E-RAB.NormRel.QCI.2;6;NULL;SUM;SUM
CELLSTS_4G;LE_RAB_SUCCEST_QCI2;C1526726671;NUMBER;12;1;L.E-RAB.SuccEst.QCI.2;6;NULL;SUM;SUM
CELLSTS_4G;LE_RAB_ATTEST_QCI2;C1526726670;NUMBER;12;1;L.E-RAB.AttEst.QCI.2;6;NULL;SUM;SUM
CELLSTS_4G;L_TRAFF_DL_PKTDELAY_TIME_QCI3;C1526727913;NUMBER;12;1;L.Traffic.DL.PktDelay.Time.QCI.3;6;NULL;SUM;SUM
CELLSTS_4G;L_TRAFF_DL_PKTDELAY_NUM_QCI3;C1526727914;NUMBER;12;1;L.Traffic.DL.PktDelay.Num.QCI.3;6;NULL;SUM;SUM
CELLSTS_4G;L_TRAFF_DL_PKTUU_LOSS_QCI3;C1526727940;NUMBER;12;1;L.Traffic.DL.PktUuLoss.Loss.QCI.3;6;NULL;SUM;SUM
CELLSTS_4G;L_TRAFF_DL_PKTUU_TOT_QCI3;C1526727941;NUMBER;12;1;L.Traffic.DL.PktUuLoss.Tot.QCI.3;6;NULL;SUM;SUM
CELLSTS_4G;L_TRAFF_UL_PKT_LOSS_QCI3;C1526727967;NUMBER;12;1;L.Traffic.UL.PktLoss.Loss.QCI.3;6;NULL;SUM;SUM
CELLSTS_4G;L_TRAFF_UL_PKT_TOT_QCI3;C1526727968;NUMBER;12;1;L.Traffic.UL.PktLoss.Tot.QCI.3;6;NULL;SUM;SUM
CELLSTS_4G;MAX_USER_TPUT_DL;C1526727064;NUMBER;12;1;Maximum downlink traffic volume for PDCP SDUs of all services;6;NULL;MAX;MAX
CELLSTS_4G;MAX_USER_TPUT_UL;C1526727054;NUMBER;12;1;Maximum uplink traffic volume for PDCP PDUs of all services;6;NULL;MAX;MAX
CELLSTS_4G;CQI_NUM;C1526727396+C1526727397+C1526727398+C1526727399+C1526727400+C1526727401+C1526727402+C1526727403+C1526727404+C1526727405;NUMBER;12;1;NULL;6;NULL;SUM;SUM
CELLSTS_4G;CQI_DEN;C1526727396+C1526727397+C1526727398+C1526727399+C1526727400+C1526727401+C1526727402+C1526727403+C1526727404+C1526727405+C1526727406+C1526727407+C1526727408+C1526727409+C1526727410+C1526727411;NUMBER;12;1;NULL;6;NULL;SUM;SUM
CELLSTS_4G;L_UL_INTERFERENCE_MAX;C1526728297;NUMBER;12;1;L.UL.Interference.Max;6;NULL;MAX;MAX
CELLSTS_4G;L_UL_INTERFERENCE_MIN;C1526728435;NUMBER;12;1;L.UL.Interference.Min;6;NULL;MIN;MIN
CELLSTS_4G;LE_RAB_EST_FAIL_QCI1;C1526726668-C1526726669;NUMBER;12;1;L.E-RAB.AttEst.QCI.1 - L.E-RAB.SuccEst.QCI.1;6;NULL;SUM;SUM
CELLSTS_4G;LE_RAB_INIT_FAIL_EST_QCI1;C1526728192-C1526728193;NUMBER;12;1;L.E-RAB.InitAttEst.QCI.1 - L.E-RAB.InitSuccEst.QCI.1;6;NULL;SUM;SUM
CELLSTS_4G;L_TRAFF_UL_SCH_256QAM_TB;C1526749524;NUMBER;12;1;L.Traffic.UL.SCH.256QAM.TB;6;NULL;SUM;SUM
CELLSTS_4G;L_TRAFF_UL_SCH_256QAM_TB_BTS;C1526749525;NUMBER;12;1;L.Traffic.UL.SCH.256QAM.TB.bits;6;NULL;SUM;SUM
CELLSTS_4G;L_TRAFF_UL_SCH_256QAM_RET_BTS;C1526749526;NUMBER;12;1;L.Traffic.UL.SCH.256QAM.TB.Retrans;6;NULL;SUM;SUM
CELLSTS_4G;L_TRAFF_UL_SCH_256QAM_TB_RET;C1526749527;NUMBER;12;1;L.Traffic.UL.SCH.256QAM.TB.Retrans.bits;6;NULL;SUM;SUM
CELLSTS_4G;L_TRAFF_UL_SCH_256QAM_TB_NACK;C1526749529;NUMBER;12;1;L.Traffic.UL.SCH.256QAM.TB.NACK;6;NULL;SUM;SUM
CELLSTS_4G;DLPACKETLOSSRATE_QCI_1_DEN;C1526727935;NUMBER;12;1;L.Traffic.DL.PktUuLoss.Tot.QCI.1;6;NULL;SUM;SUM
CELLSTS_4G;DLPACKETLOSSRATE_QCI_6_NUM;C1526727949;NUMBER;12;1;L.Traffic.DL.PktUuLoss.Loss.QCI.6;6;NULL;SUM;SUM
CELLSTS_4G;DLPACKETLOSSRATE_QCI_1_NUM;C1526727934;NUMBER;12;1;L.Traffic.DL.PktUuLoss.Loss.QCI.1;6;NULL;SUM;SUM
CELLSTS_4G;DLPACKETLOSSRATE_QCI_6_DEN;C1526727950;NUMBER;12;1;L.Traffic.DL.PktUuLoss.Tot.QCI.6;6;NULL;SUM;SUM
CELLSTS_4G;DLPACKETLOSSRATE_QCI_9_DEN;C1526727959;NUMBER;12;1;L.Traffic.DL.PktUuLoss.Tot.QCI.9;6;NULL;SUM;SUM
CELLSTS_4G;DLPACKETLOSSRATE_QCI_9_NUM;C1526727958;NUMBER;12;1;L.Traffic.DL.PktUuLoss.Loss.QCI.9;6;NULL;SUM;SUM
CELLSTS_4G;PACKET_DELAY_QCI_1_NUM;C1526727907;NUMBER;12;1;L.Traffic.DL.PktDelay.Time.QCI.1;6;NULL;SUM;SUM
CELLSTS_4G;PACKET_DELAY_QCI_1_DEN;C1526727908;NUMBER;12;1;L.Traffic.DL.PktDelay.Num.QCI.1;6;NULL;SUM;SUM
CELLSTS_4G;PACKET_DELAY_QCI_6_NUM;C1526727922;NUMBER;12;1;L.Traffic.DL.PktDelay.Time.QCI.6;6;NULL;SUM;SUM
CELLSTS_4G;PACKET_DELAY_QCI_6_DEN;C1526727923;NUMBER;12;1;L.Traffic.DL.PktDelay.Num.QCI.6;6;NULL;SUM;SUM
CELLSTS_4G;DLTRAFFICVOLUME_QCI_8;C1526726824;NUMBER;12;1;L.Thrp.bits.DL.QCI.8;6;NULL;SUM;SUM
CELLSTS_4G;DL_PACKET_LOSS_RATE_QCI7_DEN;C1526727953;NUMBER;12;1;L.Traffic.DL.PktUuLoss.Tot.QCI.7;6;NULL;SUM;SUM
CELLSTS_4G;DL_PACKET_LOSS_RATE_QCI7_PAY;C1526727952;NUMBER;12;1;L.Traffic.DL.PktUuLoss.Loss.QCI.7;6;NULL;SUM;SUM
CELLSTS_4G;DL_PACKET_LOSS_RATE_QCI8_DEN;C1526727956;NUMBER;12;1;L.Traffic.DL.PktUuLoss.Tot.QCI.8;6;NULL;SUM;SUM
CELLSTS_4G;PACKET_DELAY_QCI_3_NUM;C1526727913;NUMBER;12;1;L.Traffic.DL.PktDelay.Time.QCI.3;6;NULL;SUM;SUM
CELLSTS_4G;PACKET_DELAY_QCI_3_DEN;C1526727914;NUMBER;12;1;L.Traffic.DL.PktDelay.Num.QCI.3;6;NULL;SUM;SUM
CELLSTS_4G;DL_USER_THROUGHPUT_QCI_8_DEN;C1526729023;NUMBER;12;1;L.Thrp.Time.DL.RmvLastTTI.QCI.8;6;NULL;SUM;SUM
CELLSTS_4G;DL_USER_TPUT_MBPS_QCI_7_PAY;C1526726821-C1526729012;NUMBER;12;1;L.Thrp.bits.DL.QCI.7 - L.Thrp.bits.DL.LastTTI.QCI.7;6;NULL;SUM;SUM
CELLSTS_4G;DL_USER_TPUT_MBPS_QCI_7_PAYDA;C1526729022;NUMBER;12;1;L.Thrp.Time.DL.RmvLastTTI.QCI.7;6;NULL;SUM;SUM
CELLSTS_4G;DL_USER_TPUT_MBPS_QCI_8_PAY;C1526726824-C1526729013;NUMBER;12;1;L.Thrp.bits.DL.QCI.8-L.Thrp.bits.DL.LastTTI.QCI.8;6;NULL;SUM;SUM
CELLSTS_4G;UL_USER_TPUT_MBPS_QCI_7_PAYDA;C1526726795;NUMBER;12;1;L.Thrp.Time.UL.QCI.7;6;NULL;SUM;SUM
CELLSTS_4G;DLTRAFFICVOLUME_QCI_7;C1526726821;NUMBER;12;1;L.Thrp.bits.DL.QCI.7;6;NULL;SUM;SUM
CELLSTS_4G;S1_OUT_HO_EXEC_ATT_VOIP;(C1526729540+C1526729539+C1526729538)-(C1526737691+C1526747858+C1526737690);NUMBER;12;1;"(L.HHO.IntereNB.InterFddTdd.ExecAttOut.VoIP+L.HHO.IntereNB.InterFreq.ExecAttOut.VoIP +L.HHO.IntereNB.IntraFreq.ExecAttOut.VoIP) - 
(L.HHO.X2.InterFreq.ExecAttOut.VoIP+L.HHO.X2.InterFddTdd.ExecAttOut.VoIP+L.HHO.X2.IntraFreq.ExecAttOut.VoIP)";6;NULL;SUM;SUM
CELLSTS_4G;DL_USER_THROUGHPUT_QCI_8_NUM;C1526726824-C1526729013;NUMBER;12;1;L.Thrp.bits.DL.QCI.8-L.Thrp.bits.DL.LastTTI.QCI.8;6;NULL;SUM;SUM
CELLSTS_4G;KPI160uc;C1526729050-(C1526758950+C1526758951+C1526758952+C1526758953+C1526758954);NUMBER;12;1;L.Thrp.Time.UE.UL.RmvLastTTI-(L.Thrp.Time.UE.UL.RmvLastTTI.QCI.1+L.Thrp.Time.UE.UL.RmvLastTTI.QCI.2+L.Thrp.Time.UE.UL.RmvLastTTI.QCI.3+L.Thrp.Time.UE.UL.RmvLastTTI.QCI.4+L.Thrp.Time.UE.UL.RmvLastTTI.QCI.5);6;NULL;SUM;SUM
CELLSTS_4G;KPI160ud_PAY;(C1526728259- C1526729049)-((C1526726776+C1526726779+C1526726782+C1526726785+C1526726788)-(C1526758941+C1526758942+C1526758943+C1526758944+C1526758945));NUMBER;12;1;L.Thrp.Time.UE.UL.RmvLastTTI-(L.Thrp.Time.UE.UL.RmvLastTTI.QCI.1+L.Thrp.Time.UE.UL.RmvLastTTI.QCI.2+L.Thrp.Time.UE.UL.RmvLastTTI.QCI.3+L.Thrp.Time.UE.UL.RmvLastTTI.QCI.4+L.Thrp.Time.UE.UL.RmvLastTTI.QCI.5);6;NULL;SUM;SUM
CELLSTS_4G;KPI160ud_PAYDA;C1526729050-(C1526758950+C1526758951+C1526758952+C1526758953+C1526758954);NUMBER;12;1;L.Thrp.Time.UE.UL.RmvLastTTI-(L.Thrp.Time.UE.UL.RmvLastTTI.QCI.1+L.Thrp.Time.UE.UL.RmvLastTTI.QCI.2+L.Thrp.Time.UE.UL.RmvLastTTI.QCI.3+L.Thrp.Time.UE.UL.RmvLastTTI.QCI.4+L.Thrp.Time.UE.UL.RmvLastTTI.QCI.5);6;NULL;SUM;SUM
CELLSTS_4G;L_THRP_BITS_DL_QCI_6789;C1526726791+C1526726794+C1526726797+C1526726800+C1526726818+C1526726821+C1526726824+C1526726827;NUMBER;12;1;L.Thrp.bits.UL.QCI.6+L.Thrp.bits.UL.QCI.7+L.Thrp.bits.UL.QCI.8+L.Thrp.bits.UL.QCI.9+L.Thrp.bits.DL.QCI.6+L.Thrp.bits.DL.QCI.7+L.Thrp.bits.DL.QCI.8+L.Thrp.bits.DL.QCI.9;6;NULL;SUM;SUM
CELLSTS_4G;ULPACKETLOSSRATE_QCI_1_NUM;C1526727961;NUMBER;12;1;L.Traffic.UL.PktLoss.Loss.QCI.1;6;%;SUM;SUM
CELLSTS_4G;ULPACKETLOSSRATE_QCI_1_DEN;C1526727962;NUMBER;12;1;L.Traffic.UL.PktLoss.Tot.QCI.1;6;%;SUM;SUM
CELLSTS_4G;ULPACKETLOSSRATE_QCI_6_NUM;C1526727976;NUMBER;12;1;L.Traffic.UL.PktLoss.Loss.QCI.6;6;%;SUM;SUM
CELLSTS_4G;ULPACKETLOSSRATE_QCI_6_DEN;C1526727977;NUMBER;12;1;L.Traffic.UL.PktLoss.Tot.QCI.6;6;%;SUM;SUM
CELLSTS_4G;ULPACKETLOSSRATE_QCI_9_NUM;C1526727985;NUMBER;12;1;L.Traffic.UL.PktLoss.Loss.QCI.9;6;%;SUM;SUM
CELLSTS_4G;ULPACKETLOSSRATE_QCI_9_DEN;C1526727986;NUMBER;12;1;L.Traffic.UL.PktLoss.Tot.QCI.9;6;%;SUM;SUM
CELLSTS_4G;BORDER_DL_USER_THRPUT_NUM;C1526737755-C1526737758;NUMBER;12;1;L.Thrp.bits.DL.BorderUE-L.Thrp.bits.DL.LastTTI.BorderUE;6;NULL;SUM;SUM
CELLSTS_4G;BORDER_DL_USER_THRPUT_DEN;C1526737759;NUMBER;12;1;L.Thrp.Time.DL.RmvLastTTI.BorderUE;6;NULL;SUM;SUM
CELLSTS_4G;PACKET_DELAY_QCI_8_DEN;C1526727929;NUMBER;12;1;L.Traffic.DL.PktDelay.Num.QCI.8;6;NULL;SUM;SUM
CELLSTS_4G;PACKET_DELAY_QCI_8_NUM;C1526727928;NUMBER;12;1;L.Traffic.DL.PktDelay.Time.QCI.8;6;NULL;SUM;SUM
CELLSTS_4G;LE_RAB_ABNORMREL_QCI7;C1526726698;NUMBER;12;1;L.E-RAB.AbnormRel.QCI.7;6;NULL;SUM;SUM
CELLSTS_4G;LE_RAB_NORMREL_QCI7;C1526726699;NUMBER;12;1;L.E-RAB.NormRel.QCI.7;6;NULL;SUM;SUM
CELLSTS_4G;LE_RAB_ABNORMREL_QCI8;C1526726700;NUMBER;12;1;L.E-RAB.AbnormRel.QCI.8;6;NULL;SUM;SUM
CELLSTS_4G;L_THRP_BITS_DL_QCI9;C1526726827;NUMBER;12;1;L.Thrp.bits.DL.QCI.9;6;NULL;SUM;SUM
CELLSTS_4G;THRP_BITS_DL_LASTTTI_QCI_7;C1526729012;NUMBER;12;1;L.Thrp.bits.DL.LastTTI.QCI.7;6;NULL;SUM;SUM
CELLSTS_4G;THRP_BITS_DL_LASTTTI_QCI_8;C1526729013;NUMBER;12;1;L.Thrp.bits.DL.LastTTI.QCI.8;6;NULL;SUM;SUM
CELLSTS_4G;THRP_BITS_DL_LASTTTI_QCI_9;C1526729014;NUMBER;12;1;L.Thrp.bits.DL.LastTTI.QCI.9;6;NULL;SUM;SUM
CELLSTS_4G;THRP_TIMEDL_RMVLASTI_QCI_9;C1526729024;NUMBER;12;1;L.Thrp.Time.DL.RmvLastTTI.QCI.9;6;NULL;SUM;SUM
CELLSTS_4G;THRP_BITSDL_LASTI_FLEXQCI_I4;C1526763144;NUMBER;12;1;L.Thrp.bits.DL.LastTTI.FlexQci.Index4;6;NULL;SUM;SUM
CELLSTS_4G;LTE_HU_ACTIVE_USERS;C1526763134;NUMBER;12;1;L.Thrp.Time.DL.RmvLastTTI.FlexQci.Index4;6;NULL;SUM;SUM
CELLSTS_4G;LTE_HU_USER_THRPUT_NUM;C1526763129-C1526763144;NUMBER;12;1;L.Thrp.bits.DL.FlexQci.Index4 - L.Thrp.bits.DL.LastTTI.FlexQci.Index4;6;NULL;SUM;SUM
CELLSTS_4G;LTE_HU_DATA_VOLUME_NUM;C1526763129;NUMBER;12;1;L.Thrp.bits.DL.FlexQci.Index4;6;NULL;SUM;SUM
CELLSTS_4G;LTE_NRML_HU_USER_THRPUT_NUM;(C1526726803+C1526726806+C1526726809+C1526726812+C1526726815+C1526726818+C1526726821+C1526726824+C1526726827)-(C1526729006+C1526729007+C1526729008+C1526729009+C1526729010+C1526729011+C1526729012+C1526729013+C1526729014)+(C1526763129-C1526763144);NUMBER;12;1;(L.Thrp.bits.DL.QCI.x - L.Thrp.bits.DL.LastTTI.QCI.x) + (L.Thrp.bits.DL.FlexQci.Index4 - L.Thrp.bits.DL.LastTTI.FlexQci.Index4)  x=1,2,...,9;6;NULL;SUM;SUM
CELLSTS_4G;LTE_NRML_HU_USER_THRPUT_DEN;C1526729016+C1526729017+C1526729018+C1526729019+C1526729020+C1526729021+C1526729022+C1526729023+C1526729024+C1526763134;NUMBER;12;1;(L.Thrp.Time.DL.RmvLastTTI.QCI.x) + (L.Thrp.Time.DL.RmvLastTTI.FlexQci.Index4) x=1,2,...,9;6;NULL;SUM;SUM
CELLSTS_4G;CAT_M_PRB_USED_DL;C1526746065;NUMBER;12;1;L.eMTC.PRB.DL.Used.Avg;6;NULL;SUM;SUM
CELLSTS_4G;CELL_MAC_LAYER_TRAF_BITS;C1526727357+C1526727358+C1526727359+C1526739657;NUMBER;12;1;L.Traffic.DL.SCH.QPSK.TB.bits+L.Traffic.DL.SCH.16QAM.TB.bits+L.Traffic.DL.SCH.64QAM.TB.bits+L.Traffic.DL.SCH.256QAM.TB.bits;6;NULL;SUM;SUM
CELLSTS_4G;CA_USER_TRAF_BITS;C1526729259+C1526732658;NUMBER;12;1;L.CA.Traffic.bits.DL.SCell+L.CA.Traffic.bits.DL.Pcell;6;NULL;SUM;SUM
CELLSTS_4G;NON_CA_USER_TRAF_BITS;C1526727357+C1526727358+C1526727359+C1526739657-C1526729259-C1526732658;NUMBER;12;1;L.Traffic.DL.SCH.QPSK.TB.bits+L.Traffic.DL.SCH.16QAM.TB.bits+L.Traffic.DL.SCH.64QAM.TB.bits+L.Traffic.DL.SCH.256QAM.TB.bitsL.CA.Traffic.bits.DL.SCell+L.CA.Traffic.bits.DL.Pcell;6;NULL;SUM;SUM
CELLSTS_4G;MAC_LAYER_QPSK_TRAF_RATIO_NUM;C1526727357;NUMBER;12;1;L.Traffic.DL.SCH.QPSK.TB.bits;6;NULL;SUM;SUM
CELLSTS_4G;MAC_LAYR_16QAM_TRAF_RATIO_NUM;C1526727358;NUMBER;12;1;L.Traffic.DL.SCH.16QAM.TB.bits;6;NULL;SUM;SUM
CELLSTS_4G;MAC_LAYR_64QAM_TRAF_RATIO_NUM;C1526727359;NUMBER;12;1;L.Traffic.DL.SCH.64QAM.TB.bits;6;NULL;SUM;SUM
CELLSTS_4G;MAC_LYR_256QAM_TRAF_RATIO_NUM;C1526739657;NUMBER;12;1;L.Traffic.DL.SCH.256QAM.TB.bits;6;NULL;SUM;SUM
CELLSTS_4G;TRAFF_DL_SCH_QPSK_TB_BITS;C1526727357;NUMBER;12;1;L.Traffic.DL.SCH.QPSK.TB.bits;6;NULL;SUM;SUM
CELLSTS_4G;TRAFF_DL_SCH_16QAM_TB_BITS;C1526727358;NUMBER;12;1;L.Traffic.DL.SCH.16QAM.TB.bits;6;NULL;SUM;SUM
CELLSTS_4G;TRAFF_DL_SCH_64QAM_TB_BITS;C1526727359;NUMBER;12;1;L.Traffic.DL.SCH.64QAM.TB.bits;6;NULL;SUM;SUM
CELLSTS_4G;TRAFF_UL_SCH_QPSK_TB_BITS;C1526727369;NUMBER;12;1;L.Traffic.UL.SCH.QPSK.TB.bits;6;NULL;SUM;SUM
CELLSTS_4G;TRAFF_UL_SCH_16QAM_TB_BITS;C1526727370;NUMBER;12;1;L.Traffic.UL.SCH.16QAM.TB.bits;6;NULL;SUM;SUM
CELLSTS_4G;TRAFF_UL_SCH_64QAM_TB_BITS;C1526727371;NUMBER;12;1;L.Traffic.UL.SCH.64QAM.TB.bits;6;NULL;SUM;SUM
CELLSTS_4G;THRP_BITS_UL;C1526728259;NUMBER;12;1;L.Thrp.bits.UL;6;NULL;SUM;SUM
CELLSTS_4G;THRP_BITS_DL;C1526728261;NUMBER;12;1;L.Thrp.bits.DL;6;NULL;SUM;SUM
CELLSTS_4G;TRAFF_DL_SCH_256QAM_TB_BITS;C1526739657;NUMBER;12;1;L.Traffic.DL.SCH.256QAM.TB.bits;6;NULL;SUM;SUM
CELLSTS_4G;TRAFF_UL_SCH_256QAM_TB_BITS;C1526749525;NUMBER;12;1;L.Traffic.UL.SCH.256QAM.TB.bits;6;NULL;SUM;SUM
CELLSTS_4G;DL_NONGBR_ACTIVE_USERS;C1526729021+C1526729022+C1526729023+C1526729024;NUMBER;12;1;L.Thrp.Time.DL.RmvLastTTI.QCI.6+L.Thrp.Time.DL.RmvLastTTI.QCI.7+L.Thrp.Time.DL.RmvLastTTI.QCI.8+L.Thrp.Time.DL.RmvLastTTI.QCI.9;6;NULL;SUM;SUM
CELLSTS_4G;DL_NONGBR_USER_THR_NUM;C1526726818+C1526726821+C1526726824+C1526726827- (C1526729011+C1526729012+C1526729013+C1526729014);NUMBER;12;1;L.Thrp.bits.DL.QCI.6+L.Thrp.bits.DL.QCI.7+L.Thrp.bits.DL.QCI.8+L.Thrp.bits.DL.QCI.9-(L.Thrp.bits.DL.LastTTI.QCI.6+L.Thrp.bits.DL.LastTTI.QCI.7+L.Thrp.bits.DL.LastTTI.QCI.8+L.Thrp.bits.DL.LastTTI.QCI.9);6;NULL;SUM;SUM
CELLSTS_4G;VOLTE_DATA_VOLUME;C1526726803;NUMBER;12;1;L.Thrp.bits.DL.QCI.1;6;NULL;SUM;SUM
CELLSTS_4G;AVG_CQI_256QM_NUM;1*(C1526729320+C1526729336+C1526729352+C1526729368)+2*(C1526729321+C1526729337+C1526729353+C1526729369)+3*(C1526729322+C1526729338+C1526729354+C1526729370)+4*(C1526729323+C1526729339+C1526729355+C1526729371)+5*(C1526729324+C1526729340+C1526729356+C1526729372)+6*(C1526729325+C1526729341+C1526729357+C1526729373)+7*(C1526729326+C1526729342+C1526729358+C1526729374)+8*(C1526729327+C1526729343+C1526729359+C1526729375)+9*(C1526729328+C1526729344+C1526729360+C1526729376)+10*(C1526729329+C1526729345+C1526729361+C1526729377)+11*(C1526729330+C1526729346+C1526729362+C1526729378)+12*(C1526729331+C1526729347+C1526729363+C1526729379)+13*(C1526729332+C1526729348+C1526729364+C1526729380)+14*(C1526729333+C1526729349+C1526729365+C1526729381)+15*(C1526729334+C1526729350+C1526729366+C1526729382);NUMBER;12;1;1*(L.ChMeas.CQI.DL.SingleCW.Periodic.1+L.ChMeas.CQI.DL.SingleCW.Aperiodic.1+L.ChMeas.CQI.DL.DualCW.Code0.Periodic.1+L.ChMeas.CQI.DL.DualCW.Code0.Aperiodic.1)+2*(L.ChMeas.CQI.DL.SingleCW.Periodic.2+L.ChMeas.CQI.DL.SingleCW.Aperiodic.2+L.ChMeas.CQI.DL.DualCW.Code0.Periodic.2+L.ChMeas.CQI.DL.DualCW.Code0.Aperiodic.2)+3*(L.ChMeas.CQI.DL.SingleCW.Periodic.3+L.ChMeas.CQI.DL.SingleCW.Aperiodic.3+L.ChMeas.CQI.DL.DualCW.Code0.Periodic.3+L.ChMeas.CQI.DL.DualCW.Code0.Aperiodic.3)+4*(L.ChMeas.CQI.DL.SingleCW.Periodic.4+L.ChMeas.CQI.DL.SingleCW.Aperiodic.4+L.ChMeas.CQI.DL.DualCW.Code0.Periodic.4+L.ChMeas.CQI.DL.DualCW.Code0.Aperiodic.4)+5*(L.ChMeas.CQI.DL.SingleCW.Periodic.5+L.ChMeas.CQI.DL.SingleCW.Aperiodic.5+L.ChMeas.CQI.DL.DualCW.Code0.Periodic.5+L.ChMeas.CQI.DL.DualCW.Code0.Aperiodic.5)+6*(L.ChMeas.CQI.DL.SingleCW.Periodic.6+L.ChMeas.CQI.DL.SingleCW.Aperiodic.6+L.ChMeas.CQI.DL.DualCW.Code0.Periodic.6+L.ChMeas.CQI.DL.DualCW.Code0.Aperiodic.6)+7*(L.ChMeas.CQI.DL.SingleCW.Periodic.7+L.ChMeas.CQI.DL.SingleCW.Aperiodic.7+L.ChMeas.CQI.DL.DualCW.Code0.Periodic.7+L.ChMeas.CQI.DL.DualCW.Code0.Aperiodic.7)+8*(L.ChMeas.CQI.DL.SingleCW.Periodic.8+L.ChMeas.CQI.DL.SingleCW.Aperiodic.8+L.ChMeas.CQI.DL.DualCW.Code0.Periodic.8+L.ChMeas.CQI.DL.DualCW.Code0.Aperiodic.8)+9*(L.ChMeas.CQI.DL.SingleCW.Periodic.9+L.ChMeas.CQI.DL.SingleCW.Aperiodic.9+L.ChMeas.CQI.DL.DualCW.Code0.Periodic.9+L.ChMeas.CQI.DL.DualCW.Code0.Aperiodic.9)+10*(L.ChMeas.CQI.DL.SingleCW.Periodic.10+L.ChMeas.CQI.DL.SingleCW.Aperiodic.10+L.ChMeas.CQI.DL.DualCW.Code0.Periodic.10+L.ChMeas.CQI.DL.DualCW.Code0.Aperiodic.10)+11*(L.ChMeas.CQI.DL.SingleCW.Periodic.11+L.ChMeas.CQI.DL.SingleCW.Aperiodic.11+L.ChMeas.CQI.DL.DualCW.Code0.Periodic.11+L.ChMeas.CQI.DL.DualCW.Code0.Aperiodic.11)+12*(L.ChMeas.CQI.DL.SingleCW.Periodic.12+L.ChMeas.CQI.DL.SingleCW.Aperiodic.12+L.ChMeas.CQI.DL.DualCW.Code0.Periodic.12+L.ChMeas.CQI.DL.DualCW.Code0.Aperiodic.12)+13*(L.ChMeas.CQI.DL.SingleCW.Periodic.13+L.ChMeas.CQI.DL.SingleCW.Aperiodic.13+L.ChMeas.CQI.DL.DualCW.Code0.Periodic.13+L.ChMeas.CQI.DL.DualCW.Code0.Aperiodic.13)+14*(L.ChMeas.CQI.DL.SingleCW.Periodic.14+L.ChMeas.CQI.DL.SingleCW.Aperiodic.14+L.ChMeas.CQI.DL.DualCW.Code0.Periodic.14+L.ChMeas.CQI.DL.DualCW.Code0.Aperiodic.14)+15*(L.ChMeas.CQI.DL.SingleCW.Periodic.15+L.ChMeas.CQI.DL.SingleCW.Aperiodic.15+L.ChMeas.CQI.DL.DualCW.Code0.Periodic.15+L.ChMeas.CQI.DL.DualCW.Code0.Aperiodic.15);6;NULL;SUM;SUM
CELLSTS_4G;AVG_CQI_256QM_DEN;(C1526729319+C1526729335+C1526729351+C1526729367)+(C1526729320+C1526729336+C1526729352+C1526729368)+(C1526729321+C1526729337+C1526729353+C1526729369)+(C1526729322+C1526729338+C1526729354+C1526729370)+(C1526729323+C1526729339+C1526729355+C1526729371)+(C1526729324+C1526729340+C1526729356+C1526729372)+(C1526729325+C1526729341+C1526729357+C1526729373)+(C1526729326+C1526729342+C1526729358+C1526729374)+(C1526729327+C1526729343+C1526729359+C1526729375)+(C1526729328+C1526729344+C1526729360+C1526729376)+(C1526729329+C1526729345+C1526729361+C1526729377)+(C1526729330+C1526729346+C1526729362+C1526729378)+(C1526729331+C1526729347+C1526729363+C1526729379)+(C1526729332+C1526729348+C1526729364+C1526729380)+(C1526729333+C1526729349+C1526729365+C1526729381)+(C1526729334+C1526729350+C1526729366+C1526729382);NUMBER;12;1;(L.ChMeas.CQI.DL.SingleCW.Periodic.0+L.ChMeas.CQI.DL.SingleCW.Aperiodic.0+L.ChMeas.CQI.DL.DualCW.Code0.Periodic.0+L.ChMeas.CQI.DL.DualCW.Code0.Aperiodic.0)+(L.ChMeas.CQI.DL.SingleCW.Periodic.1+L.ChMeas.CQI.DL.SingleCW.Aperiodic.1+L.ChMeas.CQI.DL.DualCW.Code0.Periodic.1+L.ChMeas.CQI.DL.DualCW.Code0.Aperiodic.1)+(L.ChMeas.CQI.DL.SingleCW.Periodic.2+L.ChMeas.CQI.DL.SingleCW.Aperiodic.2+L.ChMeas.CQI.DL.DualCW.Code0.Periodic.2+L.ChMeas.CQI.DL.DualCW.Code0.Aperiodic.2)+(L.ChMeas.CQI.DL.SingleCW.Periodic.3+L.ChMeas.CQI.DL.SingleCW.Aperiodic.3+L.ChMeas.CQI.DL.DualCW.Code0.Periodic.3+L.ChMeas.CQI.DL.DualCW.Code0.Aperiodic.3)+(L.ChMeas.CQI.DL.SingleCW.Periodic.4+L.ChMeas.CQI.DL.SingleCW.Aperiodic.4+L.ChMeas.CQI.DL.DualCW.Code0.Periodic.4+L.ChMeas.CQI.DL.DualCW.Code0.Aperiodic.4)+(L.ChMeas.CQI.DL.SingleCW.Periodic.5+L.ChMeas.CQI.DL.SingleCW.Aperiodic.5+L.ChMeas.CQI.DL.DualCW.Code0.Periodic.5+L.ChMeas.CQI.DL.DualCW.Code0.Aperiodic.5)+(L.ChMeas.CQI.DL.SingleCW.Periodic.6+L.ChMeas.CQI.DL.SingleCW.Aperiodic.6+L.ChMeas.CQI.DL.DualCW.Code0.Periodic.6+L.ChMeas.CQI.DL.DualCW.Code0.Aperiodic.6)+(L.ChMeas.CQI.DL.SingleCW.Periodic.7+L.ChMeas.CQI.DL.SingleCW.Aperiodic.7+L.ChMeas.CQI.DL.DualCW.Code0.Periodic.7+L.ChMeas.CQI.DL.DualCW.Code0.Aperiodic.7)+(L.ChMeas.CQI.DL.SingleCW.Periodic.8+L.ChMeas.CQI.DL.SingleCW.Aperiodic.8+L.ChMeas.CQI.DL.DualCW.Code0.Periodic.8+L.ChMeas.CQI.DL.DualCW.Code0.Aperiodic.8)+(L.ChMeas.CQI.DL.SingleCW.Periodic.9+L.ChMeas.CQI.DL.SingleCW.Aperiodic.9+L.ChMeas.CQI.DL.DualCW.Code0.Periodic.9+L.ChMeas.CQI.DL.DualCW.Code0.Aperiodic.9)+(L.ChMeas.CQI.DL.SingleCW.Periodic.10+L.ChMeas.CQI.DL.SingleCW.Aperiodic.10+L.ChMeas.CQI.DL.DualCW.Code0.Periodic.10+L.ChMeas.CQI.DL.DualCW.Code0.Aperiodic.10)+(L.ChMeas.CQI.DL.SingleCW.Periodic.11+L.ChMeas.CQI.DL.SingleCW.Aperiodic.11+L.ChMeas.CQI.DL.DualCW.Code0.Periodic.11+L.ChMeas.CQI.DL.DualCW.Code0.Aperiodic.11)+(L.ChMeas.CQI.DL.SingleCW.Periodic.12+L.ChMeas.CQI.DL.SingleCW.Aperiodic.12+L.ChMeas.CQI.DL.DualCW.Code0.Periodic.12+L.ChMeas.CQI.DL.DualCW.Code0.Aperiodic.12)+(L.ChMeas.CQI.DL.SingleCW.Periodic.13+L.ChMeas.CQI.DL.SingleCW.Aperiodic.13+L.ChMeas.CQI.DL.DualCW.Code0.Periodic.13+L.ChMeas.CQI.DL.DualCW.Code0.Aperiodic.13)+(L.ChMeas.CQI.DL.SingleCW.Periodic.14+L.ChMeas.CQI.DL.SingleCW.Aperiodic.14+L.ChMeas.CQI.DL.DualCW.Code0.Periodic.14+L.ChMeas.CQI.DL.DualCW.Code0.Aperiodic.14)+(L.ChMeas.CQI.DL.SingleCW.Periodic.15+L.ChMeas.CQI.DL.SingleCW.Aperiodic.15+L.ChMeas.CQI.DL.DualCW.Code0.Periodic.15+L.ChMeas.CQI.DL.DualCW.Code0.Aperiodic.15);6;NULL;SUM;SUM
CELLSTS_4G;L_VOICE_VQI_EVS_UL_EX_TIMES;C1526745678;NUMBER;12;1;L.Voice.VQI.EVS.UL.Excellent.Times;6;NULL;SUM;SUM
CELLSTS_4G;L_VOICE_VQI_EVS_UL_GOOD_TIMES;C1526745679;NUMBER;12;1;L.Voice.VQI.EVS.UL.Good.Times;6;NULL;SUM;SUM
CELLSTS_4G;L_VOICE_VQI_EVS_UL_ACC_TIMES;C1526745680;NUMBER;12;1;L.Voice.VQI.EVS.UL.Accept.Times;6;NULL;SUM;SUM
CELLSTS_4G;L_VOICE_VQI_EVS_UL_POOR_TIMES;C1526745681;NUMBER;12;1;L.Voice.VQI.EVS.UL.Poor.Times;6;NULL;SUM;SUM
CELLSTS_4G;L_VOICE_VQI_EVS_UL_BAD_TIMES;C1526745682;NUMBER;12;1;L.Voice.VQI.EVS.UL.Bad.Times;6;NULL;SUM;SUM
CELLSTS_4G;L_VOICE_VQI_EVS_DL_EX_TIMES;C1526745683;NUMBER;12;1;L.Voice.VQI.EVS.DL.Excellent.Times;6;NULL;SUM;SUM
CELLSTS_4G;L_VOICE_VQI_EVS_DL_GOOD_TIMES;C1526745684;NUMBER;12;1;L.Voice.VQI.EVS.DL.Good.Times;6;NULL;SUM;SUM
CELLSTS_4G;L_VOICE_VQI_EVS_DL_ACC_TIMES;C1526745685;NUMBER;12;1;L.Voice.VQI.EVS.DL.Accept.Times;6;NULL;SUM;SUM
CELLSTS_4G;L_VOICE_VQI_EVS_DL_POOR_TIMES;C1526745686;NUMBER;12;1;L.Voice.VQI.EVS.DL.Poor.Times;6;NULL;SUM;SUM
CELLSTS_4G;L_VOICE_VQI_EVS_DL_BAD_TIMES;C1526745687;NUMBER;12;1;L.Voice.VQI.EVS.DL.Bad.Times;6;NULL;SUM;SUM
CELLSTS_4G;L_VOICE_VQI_EVS_UL_TOT_VALUE;C1526745688;NUMBER;12;1;L.Voice.VQI.EVS.UL.TotalValue;6;NULL;SUM;SUM
CELLSTS_4G;L_VOICE_VQI_EVS_DL_TOT_VALUE;C1526745689;NUMBER;12;1;L.Voice.VQI.EVS.DL.TotalValue;6;NULL;SUM;SUM
CELLSTS_4G;L_VOICE_UL_EVSSWB_INC_TIMES;C1526745691;NUMBER;12;1;L.Voice.UL.EVSSWB.Increase.Times;6;NULL;SUM;SUM
CELLSTS_4G;L_VOICE_UL_EVSSWB_DEC_TIMES;C1526745692;NUMBER;12;1;L.Voice.UL.EVSSWB.Decrease.Times;6;NULL;SUM;SUM
CELLSTS_4G;DL_MAC_TRAFF_VOL_RETRANS;C1526727357+C1526727358+C1526727359+C1526739657;NUMBER;12;1;L.Traffic.DL.SCH.QPSK.TB.bits+L.Traffic.DL.SCH.16QAM.TB.bits+L.Traffic.DL.SCH.64QAM.TB.bits+L.Traffic.DL.SCH.256QAM.TB.bits;6;%;SUM;SUM
CELLSTS_4G;UL_MAC_TRAFF_VOL;C1526727369+C1526727357+C1526727371+C1526749525;NUMBER;12;1;L.Traffic.UL.SCH.QPSK.TB.bits+L.Traffic.UL.SCH.16QAM.TB.bits+L.Traffic.UL.SCH.64QAM.TB.bits+L.Traffic.UL.SCH.256QAM.TB.bits;6;%;SUM;SUM
CELLSTS_4G;VQI_DL_NUM;C1526741682;NUMBER;12;1;VQI_DL_NUM;6;NULL;SUM;SUM
CELLSTS_4G;VQI_DL_DEN;C1526728416+C1526728417+C1526728418+C1526728419+C1526728420;NUMBER;12;1;VQI_DL_DEN;6;NULL;SUM;SUM
CELLSTS_4G;VQI_DL_BAD_PERC_NUM;C1526728419+C1526728420;NUMBER;12;1;VQI_DL_BAD_PERC_NUM;6;NULL;SUM;SUM
CELLSTS_4G;L_THRP_BITS_UL_PDCP_SDU;C1526730572;NUMBER;12;1;L.Thrp.bits.UL.PDCP.SDU;6;NULL;SUM;SUM
CELLSTS_4G;LE_RAB_ABNORMREL_MME_VOIP;C1526729924;NUMBER;12;1;L.E-RAB.AbnormRel.MME.VoIP;6;NULL;SUM;SUM
CELLSTS_4G;L_HHO_INTFREQ_COV_PREP_ATTOUT;C1526728933;NUMBER;12;1;L.HHO.InterFreq.Coverage.PrepAttOut;6;NULL;SUM;SUM
CELLSTS_4G;L_HHO_INTFREQ_COV_EXE_ATTOUT;C1526728934;NUMBER;12;1;L.HHO.InterFreq.Coverage.ExecAttOut;6;NULL;SUM;SUM
CELLSTS_4G;L_HHO_INTFREQ_COV_EXE_SUCCO;C1526728935;NUMBER;12;1;L.HHO.InterFreq.Coverage.ExecSuccOut;6;NULL;SUM;SUM
CELLSTS_4G;L_TRAFFIC_ACTUSER_AVG;C1526728975;NUMBER;12;1;L.Traffic.ActiveUser.Avg;6;NULL;AVG;AVG
CELLSTS_4G;L_VOICE_DL_SILENT_NUM;C1526732893;NUMBER;12;1;L.Voice.DL.Silent.Num;6;NULL;SUM;SUM
CELLSTS_4G;L_VOICE_UL_SILENT_NUM;C1526732892;NUMBER;12;1;L.Voice.UL.Silent.Num;6;NULL;SUM;SUM
CELLSTS_4G;L_VOICE_NORMREL_DL_LOW_QUAL;C1526732891;NUMBER;12;1;L.Voice.NormRel.DL.LowQuality;6;NULL;SUM;SUM
CELLSTS_4G;LE_RAB_ATTEST_QCI_3;C1526726672;NUMBER;12;1;L.E-RAB.AttEst.QCI.3;6;NULL;SUM;SUM
CELLSTS_4G;DL_NONGBR_ACTIVE_USERS_FWA;C1526729015-(C1526729016+C1526729017+C1526729018+C1526729019+C1526729020);NUMBER;12;1;L.Thrp.Time.DL.RmvLastTTI-(L.Thrp.Time.DL.RmvLastTTI.QCI.1+L.Thrp.Time.DL.RmvLastTTI.QCI.2+L.Thrp.Time.DL.RmvLastTTI.QCI.3+L.Thrp.Time.DL.RmvLastTTI.QCI.4+L.Thrp.Time.DL.RmvLastTTI.QCI.5);6;NULL;SUM;SUM
CELLSTS_4G;L_CSFB_E2W;C1526728323;NUMBER;12;1;L.CSFB.E2W;6;NULL;SUM;SUM
CELLSTS_4G;L_CSFB_E2G;C1526728324;NUMBER;12;1;L.CSFB.E2G;6;NULL;SUM;SUM
CELLSTS_4G;L_RRC_REDIRECT_E2W;C1526728326;NUMBER;12;1;L.RRCRedirection.E2W;6;NULL;SUM;SUM
CELLSTS_4G;LE_RAB_NORMREL_EXTQCI_INDEX5;C1526749370;NUMBER;12;1;L.E-RAB.NormRel.ExtQCI.Index5;6;NULL;SUM;SUM
CELLSTS_4G;L_THRP_BITS_UL_EXTQCI_INDEX5;C1526749374;NUMBER;12;1;L.Thrp.bits.UL.ExtQCI.Index5;6;NULL;SUM;SUM
CELLSTS_4G;L_THRP_TIME_UL_EXTQCI_INDEX5;C1526749378;NUMBER;12;1;L.Thrp.Time.UL.ExtQCI.Index5;6;NULL;SUM;SUM
CELLSTS_4G;L_THRP_BITS_DL_EXTQCI_INDEX5;C1526749382;NUMBER;12;1;L.Thrp.bits.DL.ExtQCI.Index5;6;NULL;SUM;SUM
CELLSTS_4G;L_THRP_TIME_DL_EXTQCI_INDEX5;C1526749386;NUMBER;12;1;L.Thrp.Time.DL.ExtQCI.Index5;6;NULL;SUM;SUM
CELLSTS_4G;L_TRAF_ACTUSER_UL_EXTCQI5;C1526749390;NUMBER;12;1;L.Traffic.ActiveUser.UL.ExtQCI.Index5;6;NULL;SUM;SUM
CELLSTS_4G;L_TRAF_ACTUSER_DL_EXTCQI5;C1526749394;NUMBER;12;1;L.Traffic.ActiveUser.DL.ExtQCI.Index5;6;NULL;SUM;SUM
CELLSTS_4G;L_CHEMEAS_PRBUL_DRBUSED_AVG;C1526749424;NUMBER;12;1;L.ChMeas.PRB.UL.DrbUsed.Avg.ExtQci.Index5;6;NULL;SUM;SUM
CELLSTS_4G;L_CHEMEAS_PRBDL_DRBUSED_AVG;C1526749428;NUMBER;12;1;L.ChMeas.PRB.DL.DrbUsed.Avg.ExtQci.Index5 ;6;NULL;SUM;SUM
CELLSTS_4G;S1_HO_SUC_RATE_NUM;C1526727003+C1526727006-C1526727266-C1526727269;NUMBER;12;1;L.HHO.IntereNB.IntraFreq.ExecSuccOut+L.HHO.IntereNB.InterFreq.ExecSuccOut-L.HHO.X2.IntraFreq.ExecSuccOut-L.HHO.X2.InterFreq.ExecSuccOut;6;NULL;SUM;SUM
CELLSTS_4G;S1_HO_SUC_RATE_DEN;C1526727002+C1526727005-C1526727265-C1526727268;NUMBER;12;1;L.HHO.IntereNB.IntraFreq.ExecAttOut+L.HHO.IntereNB.InterFreq.ExecAttOut-L.HHO.X2.IntraFreq.ExecAttOut-L.HHO.X2.InterFreq.ExecAttOut;6;NULL;SUM;SUM
CELLSTS_4G;UL_ACTIVE_USERS;C1526728972;NUMBER;12;1;L.Traffic.ActiveUser.UL.Avg;6;NULL;AVG;AVG
CELLSTS_4G;EXT_PRB_NUM;C1526746016+C1526746017+C1526746018;NUMBER;12;1;L.ChMeas.PRB.DL.DrbUsed.Avg.ExtQci.Index0+L.ChMeas.PRB.DL.DrbUsed.Avg.ExtQci.Index1+L.ChMeas.PRB.DL.DrbUsed.Avg.ExtQci.Index2;6;NULL;SUM;SUM
CELLSTS_4G;EXT_PRB_DEN;C1526728763;NUMBER;12;1;L.ChMeas.PRB.DL.DrbUsed.Avg;6;NULL;SUM;SUM
CELLSTS_4G;L_ChMeas_RI_Rank3;C1526732737;NUMBER;12;1;L.ChMeas.RI.Rank3;6;NULL;SUM;SUM
CELLSTS_4G;L_ChMeas_RI_Rank4;C1526732738;NUMBER;12;1;L.ChMeas.RI.Rank4;6;NULL;SUM;SUM
CELLSTS_4G;S1_OUT_HO_EXEC_ATT;(C1526728927+C1526727005+C1526727002)-(C1526727268+C1526728930+C1526727265);NUMBER;12;1;(L.HHO.IntereNB.InterFddTdd.ExecAttOut+L.HHO.IntereNB.InterFreq.ExecAttOut +L.HHO.IntereNB.IntraFreq.ExecAttOut)-(L.HHO.X2.InterFreq.ExecAttOut+L.HHO.X2.InterFddTdd.ExecAttOut+L.HHO.X2.IntraFreq.ExecAttOut);6;NULL;SUM;SUM
CELLSTS_4G;L_TRAFF_DL_PKTDLY_NUM_QCI2;C1526727911;NUMBER;12;1;L.Traffic.DL.PktDelay.Num.QCI.2;6;NULL;SUM;SUM
CELLSTS_4G;L_TRAFF_DL_PKTDLY_TIME_QCI2;C1526727910;NUMBER;12;1;L.Traffic.DL.PktDelay.Time.QCI.2;6;NULL;SUM;SUM
CELLSTS_4G;L_TRAFF_DL_PKTULOS_LOSS_QCI2;C1526727937;NUMBER;12;1;L.Traffic.DL.PktUuLoss.Loss.QCI.2;6;NULL;SUM;SUM
CELLSTS_4G;L_TRAFF_DL_PKTULOS_TOT_QCI2;C1526727938;NUMBER;12;1;L.Traffic.DL.PktUuLoss.Tot.QCI.2;6;NULL;SUM;SUM
CELLSTS_4G;L_TRAFF_DL_PKTLOS_LOS_QCI2;C1526727964;NUMBER;12;1;L.Traffic.UL.PktLoss.Loss.QCI.2;6;NULL;SUM;SUM
CELLSTS_4G;L_TRAFF_DL_PKTLOS_TOT_QCI2;C1526727965;NUMBER;12;1;L.Traffic.UL.PktLoss.Tot.QCI.2;6;NULL;SUM;SUM
CELLSTS_4G;LE_RAB_SUCCEST_QCI_3;C1526726673;NUMBER;12;1;L.E-RAB.SuccEst.QCI.3;6;NULL;SUM;SUM
CELLSTS_4G;LE_RAB_ABNORMREL_QCI_3;C1526726690;NUMBER;12;1;L.E-RAB.AbnormRel.QCI.3;6;NULL;SUM;SUM
CELLSTS_4G;LE_RAB_NORMREL_QCI_3;C1526726691;NUMBER;12;1;L.E-RAB.NormRel.QCI.3;6;NULL;SUM;SUM
CELLSTS_4G;L_THRP_BITS_UL_QCI_3;C1526726782;NUMBER;12;1;L.Thrp.bits.UL.QCI.3;6;NULL;SUM;SUM
CELLSTS_4G;L_THRP_TIME_UL_QCI_3;C1526726783;NUMBER;12;1;L.Thrp.Time.UL.QCI.3;6;NULL;SUM;SUM
CELLSTS_4G;L_TRAF_DL_PKTDELAY_TIME_QCI_3;C1526727913;"NUMBER
";12;1;L.Traffic.DL.PktDelay.Time.QCI.3;6;NULL;SUM;SUM
CELLSTS_4G;L_TRAF_DL_PKTUULOSS_LOSS_QCI_3;C1526727940;NUMBER;12;1;L.Traffic.DL.PktUuLoss.Loss.QCI.3;6;NULL;SUM;SUM
CELLSTS_4G;L_TRAF_DL_PKTUULOSS_TOT_QCI_3;C1526727941;NUMBER;12;1;L.Traffic.DL.PktUuLoss.Tot.QCI.3;6;NULL;SUM;SUM
CELLSTS_4G;L_TRAF_UL_PKTLOSS_TOT_QCI_3;C1526727968;NUMBER;12;1;L.Traffic.UL.PktLoss.Tot.QCI.3;6;NULL;SUM;SUM
CELLSTS_4G;L_Thrp_bits_DL_CAUser;C1526728564;NUMBER;12;1;L.Thrp.bits.DL.CAUser;6;%;SUM;SUM
CELLSTS_4G;L_Thrp_bits_DL_LastTTI_CAUser;C1526740440;NUMBER;12;1;L.Thrp.bits.DL.LastTTI.CAUser;6;%;SUM;SUM
CELLSTS_4G;Thrp_Time_DL_RmvLastTTI_User;C1526740441;NUMBER;12;1;L.Thrp.Time.DL.RmvLastTTI.CAUser;6;%;SUM;SUM
CELLSTS_4G;ChMeas_CQI_DL_SingleCW_NUM;1*(C1526729320+C1526729336+C1526729352+C1526729368-C1526739663)+2*(C1526729321+C1526729337+C1526729353+C1526729369-C1526739664)+3*(C1526729322+C1526729338+C1526729354+C1526729370-C1526739665)+4*(C1526729323+C1526729339+C1526729355+C1526729371-C1526739666)+5*(C1526729324+C1526729340+C1526729356+C1526729372-C1526739667)+6*(C1526729325+C1526729341+C1526729357+C1526729373-C1526739668)+7*(C1526729326+C1526729342+C1526729358+C1526729374-C1526739669)+8*(C1526729327+C1526729343+C1526729359+C1526729375-C1526739670)+9*(C1526729328+C1526729344+C1526729360+C1526729376-C1526739671)+10*(C1526729329+C1526729345+C1526729361+C1526729377-C1526739672)+11*(C1526729330+C1526729346+C1526729362+C1526729378-C1526739673)+12*(C1526729331+C1526729347+C1526729363+C1526729379-C1526739674)+13*(C1526729332+C1526729348+C1526729364+C1526729380-C1526739675)+14*(C1526729333+C1526729349+C1526729365+C1526729381-C1526739676)+15*(C1526729334+C1526729350+C1526729366+C1526729382-C1526739677);NUMBER;12;1;NULL;6;%;SUM;SUM
CELLSTS_4G;ChMeas_CQI_DL_SingleCW_DEN;(C1526729319+C1526729335+C1526729351+C1526729367-C1526739662)+(C1526729320+C1526729336+C1526729352+C1526729368-C1526739663)+(C1526729321+C1526729337+C1526729353+C1526729369-C1526739664)+(C1526729322+C1526729338+C1526729354+C1526729370-C1526739665)+(C1526729323+C1526729339+C1526729355+C1526729371-C1526739666)+(C1526729324+C1526729340+C1526729356+C1526729372-C1526739667)+(C1526729325+C1526729341+C1526729357+C1526729373-C1526739668)+(C1526729326+C1526729342+C1526729358+C1526729374-C1526739669)+(C1526729327+C1526729343+C1526729359+C1526729375-C1526739670)+(C1526729328+C1526729344+C1526729360+C1526729376-C1526739671)+(C1526729329+C1526729345+C1526729361+C1526729377-C1526739672)+(C1526729330+C1526729346+C1526729362+C1526729378-C1526739673)+(C1526729331+C1526729347+C1526729363+C1526729379-C1526739674)+(C1526729332+C1526729348+C1526729364+C1526729380-C1526739675)+(C1526729333+C1526729349+C1526729365+C1526729381-C1526739676)+(C1526729334+C1526729350+C1526729366+C1526729382-C1526739677);NUMBER;12;1;NULL;6;%;SUM;SUM
CELLSTS_4G;L_ChMeas_PDSCH_MCS_NUM;1*C1526727445+2*C1526727446+3*C1526727447+4*C1526727448+5*C1526727449+6*C1526727450+7*C1526727451+8*C1526727452+9*C1526727453+10*C1526727454+11*C1526727455+12*C1526727456+13*C1526727457+14*C1526727458+15*C1526727459+16*C1526727460+17*C1526727461+18*C1526727462+19*C1526727463+20*C1526727464+21*C1526727465+22*C1526727466+23*C1526727467+24*C1526727468+25*C1526727469+26*C1526727470+27*C1526727471+28*C1526727472;NUMBER;12;1;NULL;6;%;SUM;SUM
CELLSTS_4G;L_ChMeas_PDSCH_MCS_DEN;C1526727444+C1526727445+C1526727446+C1526727447+C1526727448+C1526727449+C1526727450+C1526727451+C1526727452+C1526727453+C1526727454+C1526727455+C1526727456+C1526727457+C1526727458+C1526727459+C1526727460+C1526727461+C1526727462+C1526727463+C1526727464+C1526727465+C1526727466+C1526727467+C1526727468+C1526727469+C1526727470+C1526727471+C1526727472;NUMBER;12;1;NULL;6;%;SUM;SUM
CELLSTS_4G;L_ChMeas_RI_Rank1;C1526730141;NUMBER;12;1;L.ChMeas.RI.Rank1;6;%;SUM;SUM
CELLSTS_4G;L_ChMeas_RI_Rank2;C1526730142;NUMBER;12;1;L.ChMeas.RI.Rank2;6;%;SUM;SUM
CELLSTS_4G;THRP_BITS_UEXTQCI_INDEX0;C1526741811;NUMBER;12;1;L.Thrp.bits.UL.ExtQCI.Index0;6;NULL;SUM;SUM
CELLSTS_4G;THRP_BITS_UEXTQCI_INDEX1;C1526741812;NUMBER;12;1;L.Thrp.bits.UL.ExtQCI.Index1;6;NULL;SUM;SUM
CELLSTS_4G;THRP_BITS_UEXTQCI_INDEX2;C1526741813;NUMBER;12;1;L.Thrp.bits.UL.ExtQCI.Index2;6;NULL;SUM;SUM
CELLSTS_4G;THRP_TIME_UEXTQCI_INDEX0;C1526741816;NUMBER;12;1;L.Thrp.Time.UL.ExtQCI.Index0;6;NULL;SUM;SUM
CELLSTS_4G;THRP_TIME_UEXTQCI_INDEX1;C1526741817;NUMBER;12;1;L.Thrp.Time.UL.ExtQCI.Index1;6;NULL;SUM;SUM
CELLSTS_4G;THRP_TIME_UEXTQCI_INDEX2;C1526741818;NUMBER;12;1;L.Thrp.Time.UL.ExtQCI.Index2;6;NULL;SUM;SUM
CELLSTS_4G;THRP_BITS_DEXTQCI_INDEX0;C1526741821;NUMBER;12;1;L.Thrp.bits.DL.ExtQCI.Index0;6;NULL;SUM;SUM
CELLSTS_4G;THRP_BITS_DEXTQCI_INDEX1;C1526741822;NUMBER;12;1;L.Thrp.bits.DL.ExtQCI.Index1;6;NULL;SUM;SUM
CELLSTS_4G;L_CHMEAS_DFEE_CARR_DYNMT_TTI;C1526763114;NUMBER;12;1;L.ChMeas.DFEE.CarrierDynMutingTti.Num;6;NULL;SUM;SUM
CELLSTS_4G;L_CHMEAS_DFEE_CRSDYNMUT_TTI;C1526763115;NUMBER;12;1;L.ChMeas.DFEE.CrsDynMutingTti.Num;6;NULL;SUM;SUM
CELLSTS_4G;L_CHMEAS_DFEE_RFDYNMUTINGTTI;C1526763116;NUMBER;12;1;L.ChMeas.DFEE.RFDynMutingTti.Num;6;NULL;SUM;SUM
CELLSTS_4G;L_CHMEAS_DFEE_CARRIEROFF_DUR;C1526728151;NUMBER;12;1;L.ChMeas.DFEE.CarrierOFF.Dur;6;NULL;SUM;SUM
CELLSTS_4G;THRP_BITS_DEXTQCI_INDEX2;C1526741823;NUMBER;12;1;L.Thrp.bits.DL.ExtQCI.Index2;6;NULL;SUM;SUM
CELLSTS_4G;THRP_TIME_DEXTQCI_INDEX1;C1526741827;NUMBER;12;1;L.Thrp.Time.DL.ExtQCI.Index1;6;NULL;SUM;SUM
CELLSTS_4G;THRP_TIME_DEXTQCI_INDEX2;C1526741828;NUMBER;12;1;L.Thrp.Time.DL.ExtQCI.Index2;6;NULL;SUM;SUM
CELLSTS_4G;THRP_TIME_DEXTQCI_INDEX0;C1526741826;NUMBER;12;1;L.Thrp.Time.DL.ExtQCI.Index0;6;NULL;SUM;SUM
CELLSTS_4G;RAB_ABNORMREL_TNL;C1526728283;NUMBER;12;1;L.E-RAB.AbnormRel.TNL;6;NULL;SUM;SUM
CELLSTS_4G;L_TRAFF_DL_SCH_QPSK_TB;C1526727354;NUMBER;12;1;L.Traffic.DL.SCH.QPSK.TB;6;NULL;SUM;SUM
CELLSTS_4G;L_TRAFF_DL_SCH_16QAM_TB;C1526727355;NUMBER;12;1;L.Traffic.DL.SCH.16QAM.TB;6;NULL;SUM;SUM
CELLSTS_4G;L_TRAFF_DL_SCH_64QAM_TB;C1526727356;NUMBER;12;1;L.Traffic.DL.SCH.64QAM.TB;6;NULL;SUM;SUM
CELLSTS_4G;VFTR_DLQPSKRATIO_DEN;C1526727355+C1526739656+C1526727356+C1526727354;NUMBER;12;1;L.Traffic.DL.SCH.16QAM.TB+L.Traffic.DL.SCH.256QAM.TB+L.Traffic.DL.SCH.64QAM.TB+L.Traffic.DL.SCH.QPSK.TB;6;NULL;SUM;SUM
CELLSTS_4G;DL_NORM_USER_THRPUT_NUM;(C1526726803-C1526729006)+(C1526726806-C1526729007)+(C1526726809-C1526729008)+(C1526726812-C1526729009)+(C1526726815-C1526729010)+(C1526745879-C1526745880);NUMBER;12;1;( L.Thrp.bits.DL.QCI.x ? L.Thrp.bits.DL.LastTTI.QCI.x ) + (  L.Thrp.bits.DL.WBB ? L.Thrp.bits.DL.LastTTI.WBB ) ;6;NULL;SUM;SUM
CELLSTS_4G;PACKET_DELAY_QCI_7_PAY;C1526727925;NUMBER;12;1;L.Traffic.DL.PktDelay.Num.QCI.7;6;NULL;SUM;SUM
CELLSTS_4G;PACKET_DELAY_QCI_7_PAYDA;C1526727926;NUMBER;12;1;L.Traffic.DL.PktDelay.Time.QCI.7;6;NULL;SUM;SUM
CELLSTS_4G;PACKET_DELAY_QCI_8;C1526727929+C1526727928;NUMBER;12;1;L.Traffic.DL.PktDelay.Num.QCI.8+ L.Traffic.DL.PktDelay.Time.QCI.8;6;NULL;SUM;SUM
CELLSTS_4G;ULTRAFFICVOLUME_QCI_7;C1526726794;NUMBER;12;1;L.Thrp.bits.UL.QCI.7;6;NULL;SUM;SUM
CELLSTS_4G;ULTRAFFICVOLUME_QCI_8;C1526726797;NUMBER;12;1;L.Thrp.bits.UL.QCI.8;6;NULL;SUM;SUM
CELLSTS_4G;UL_PACKET_LOSS_RATE_QCI7_DEN;C1526727980;NUMBER;12;1;L.Traffic.UL.PktLoss.Tot.QCI.7;6;NULL;SUM;SUM
CELLSTS_4G;UL_PACKET_LOSS_RATE_QCI7_PAY;C1526727979;NUMBER;12;1;L.Traffic.UL.PktLoss.Loss.QCI.7;6;NULL;SUM;SUM
CELLSTS_4G;UL_PACKET_LOSS_RATE_QCI8_DEN;C1526727983;NUMBER;12;1;L.Traffic.UL.PktLoss.Tot.QCI.8;6;NULL;SUM;SUM
CELLSTS_4G;UL_PACKET_LOSS_RATE_QCI8_PAY;C1526727982;NUMBER;12;1;L.Traffic.UL.PktLoss.Loss.QCI.8;6;NULL;SUM;SUM
CELLSTS_4G;UL_USER_TPUT_MBPS_QCI_8_PAYDA;C1526726798;NUMBER;12;1;L.Thrp.Time.UL.QCI.8;6;NULL;SUM;SUM
CELLSTS_4G;DL_PACKET_LOSS_RATE_QCI8_PAY;C1526727955;NUMBER;12;1;L.Traffic.DL.PktUuLoss.Loss.QCI.8;6;NULL;SUM;SUM
CELLSTS_4G;KPI160_EXT1;C1526729015-(C1526729016+C1526729017+C1526729018+C1526729019+C1526729020+C1526729021+C1526729022+C1526729023+C1526729024)-C1526745881;NUMBER;12;1;NULL;6;NULL;SUM;SUM
CELLSTS_4G;KPI160_EXT2_NUM;"((C1526728261-(C1526726803+C1526726806+C1526726809+C1526726812+C1526726815+C1526726818+C1526726821+C1526726824+C1526726827)-C1526745879)-(C1526729005-(C1526729006+C1526729007+C1526729008+C1526729009+C1526729010+C1526729011+C1526729012+C1526729013+C1526729014)-C1526745881))
";NUMBER;12;1;NULL;6;NULL;SUM;SUM
CELLSTS_4G;L_CHMEAS_PRB_PUSH_AVG;C1526728764;NUMBER;12;1;L.ChMeas.PRB.PUSCH.Avg;6;NULL;AVG;AVG
CELLSTS_4G;MAC_LAYER_DATA_VOLUME;C1526727369+C1526727370+C1526727371+C1526749525;NUMBER;12;1;L.Traffic.UL.SCH.QPSK.TB.bits+L.Traffic.UL.SCH.16QAM.TB.bits+L.Traffic.UL.SCH.64QAM.TB.bits+L.Traffic.UL.SCH.256QAM.TB.bits;6;NULL;SUM;SUM
CELLSTS_4G;L_TRAFFIC_DL_MAC_TRFF;C1526727357+C1526727358+C1526727359+C1526739657;NUMBER;12;1;L.Traffic.DL.SCH.QPSK.TB.bits+L.Traffic.DL.SCH.16QAM.TB.bits+L.Traffic.DL.SCH.64QAM.TB.bits+L.Traffic.DL.SCH.256QAM.TB.bits;6;NULL;SUM;SUM
CELLSTS_4G;CHMEAS_PRB_DL_SCELL_USED_AVG;C1526728425;NUMBER;12;1;L.ChMeas.PRB.DL.SCell.Used.Avg;6;NULL;AVG;AVG
CELLSTS_4G;L_THRP_TIME_DL_CAUSER;C1526728565;NUMBER;12;1;L.Thrp.Time.DL.CAUser;6;NULL;SUM;SUM
CELLSTS_4G;LE_RAB_ABNORMREL_CAUSER;C1526728514;NUMBER;12;1;L.E-RAB.AbnormRel.CAUser;6;NULL;SUM;SUM
CELLSTS_4G;CHMEAS_PRB_DL_PCELL_USED_AVG;C1526728424;NUMBER;12;1;L.ChMeas.PRB.DL.PCell.Used.Avg;6;NULL;AVG;AVG
CELLSTS_4G;LE_RAB_SUCCEST_QCI1;C1526726669;NUMBER;12;1;"L.E-RAB.SuccEst.QCI.1
L.E-RAB.SuccEst.QCI.1";6;NULL;SUM;SUM
CELLSTS_4G;L_RRC_REEST_SUCC_QCI1;C1526745675;NUMBER;12;1;L.RRC.ReEst.Succ.QCI.1;6;NULL;SUM;SUM
