PARTITION_ID;PARTITION_NUMBER;PARTITION_VALUE;DTYPE;PARTITION_TYPE;AUXILIARY_COLUMN;XINSERT2;PARTITION_STATUS
27;1;UMSTP;1;1;,HSSFE_ID,UMSTP_ID NETWORK_ID,1 DTYPE,TRUNC(A.DATA_DATE,'HH24') FRAGMENT_DATE!!!HSSFE_ID,UMSTP_ID,TRUNC(A.DATA_DATE,'HH24')!;NULL;1
27;1;HSSFE;2;1;,HSSFE_ID  NETWORK_ID,2 DTYPE!!DTYPE=1!HSSFE_ID!;NULL;1
27;1;NW;3;1;,-999 NETWORK_ID,3 DTYPE!!DTYPE=2!-999!;NULL;1
28;1;UTIMACOHSM;1;1;,HSSFE_ID,UTIMACOHSM_ID NETWORK_ID,1 DTYPE,TRUNC(A.DATA_DATE,'HH24') FRAGMENT_DATE!!!HSSFE_ID,UTIMACOHSM_ID,TRUNC(A.DATA_DATE,'HH24')!;NULL;1
28;1;HSSFE;2;1;,HSSFE_ID  NETWORK_ID,2 DTYPE!!DTYPE=1!HSSFE_ID!;NULL;1
28;1;NW;3;1;,-999 NETWORK_ID,3 DTYPE!!DTYPE=2!-999!;NULL;1
53;1;GGSN;2;1;,GGSN_ID  NETWORK_ID,2 DTYPE!!DTYPE=1!GGSN_ID!;NULL;1
49;1;NW;3;1;,-999 NETWORK_ID,3 DTYPE!!DTYPE=2!-999!;NULL;1
49;1;MSC;2;1;,MSC_ID  NETWORK_ID,2 DTYPE!!DTYPE=1!MSC_ID!;NULL;1
49;1;CGR;1;1;NULL;NULL;1
50;1;NW;4;1;,-999 NETWORK_ID,4 DTYPE!!DTYPE=3!-999!;NULL;1
50;1;MSC;3;1;,MSC_ID  NETWORK_ID,3 DTYPE!!DTYPE=2!MSC_ID!;NULL;1
50;1;MN;2;1;,MSC_ID , MN_ID  NETWORK_ID,2 DTYPE!!DTYPE=1!MN_ID,MSC_ID!;NULL;1
50;1;MTPLINK;1;1;NULL;NULL;1
51;1;NW;4;1;,-999 NETWORK_ID,4 DTYPE!!DTYPE=3!-999!;NULL;1
51;1;MSC;3;1;,MSC_ID  NETWORK_ID,3 DTYPE!!DTYPE=2!MSC_ID!;NULL;1
51;1;MN;2;1;,MSC_ID , MN_ID  NETWORK_ID,2 DTYPE!!DTYPE=1!MN_ID,MSC_ID!;NULL;1
51;1;M3UA;1;1;NULL;NULL;1
52;1;NW;3;1;,-999 NETWORK_ID,3 DTYPE!!DTYPE=2!-999!;NULL;1
52;1;MSC;2;1;,MSC_ID  NETWORK_ID,2 DTYPE!!DTYPE=1!MSC_ID!;NULL;1
52;1;H248LINK;1;1;NULL;NULL;1
53;1;APN;1;1;NULL;NULL;1
54;1;NW;3;1;,-999 NETWORK_ID,3 DTYPE!!DTYPE=2!-999!;NULL;1
54;1;GGSN;2;1;,GGSN_ID NETWORK_ID, 2 DTYPE!!DTYPE=1!GGSN_ID!;NULL;1
54;1;GW;1;1;,GGSN_ID,GW_ID NETWORK_ID,1 DTYPE, TRUNC(DATA_DATE,'HH24') FRAGMENT_DATE!!!GGSN_ID,GW_ID,TRUNC(DATA_DATE,'HH24')!;NULL;1
55;1;GGSN;1;1;,GGSN_ID NETWORK_ID,1 DTYPE, TRUNC(A.DATA_DATE,'HH24') FRAGMENT_DATE!!!GGSN_ID,TRUNC(A.DATA_DATE,'HH24')!;NULL;1
55;1;NW;2;1;,-999 NETWORK_ID,2 DTYPE!!DTYPE=1!-999!;NULL;1
56;1;FBC;1;1;,GGSN_ID,FBC_ID NETWORK_ID,1 DTYPE, TRUNC(DATA_DATE,'HH24') FRAGMENT_DATE!!!GGSN_ID,FBC_ID,TRUNC(DATA_DATE,'HH24')!;NULL;1
56;1;NW;3;1;,-999 NETWORK_ID,3 DTYPE!!DTYPE=2!-999!;NULL;1
56;1;GGSN;2;1;,GGSN_ID NETWORK_ID, 2 DTYPE!!DTYPE=1!GGSN_ID!;NULL;1
57;1;FBC;2;1;,GGSN_ID,FBC_ID NETWORK_ID, 2 DTYPE!!DTYPE=1!GGSN_ID,FBC_ID!;NULL;1
57;1;GGSN;3;1;,GGSN_ID NETWORK_ID, 3 DTYPE!!DTYPE=2!GGSN_ID!;NULL;1
57;1;NW;4;1;,-999 NETWORK_ID,4 DTYPE!!DTYPE=3!-999!;NULL;1
57;1;CCAS;1;1;,GGSN_ID,FBC_ID,CCAS_ID NETWORK_ID,1 DTYPE, TRUNC(DATA_DATE,'HH24') FRAGMENT_DATE!!!GGSN_ID,FBC_ID,CCAS_ID,TRUNC(DATA_DATE,'HH24')!;NULL;1
58;1;GGSN;3;1;,GGSN_ID NETWORK_ID, 3 DTYPE!!DTYPE=2!GGSN_ID!;NULL;1
58;1;NW;4;1;,-999 NETWORK_ID,4 DTYPE!!DTYPE=3!-999!;NULL;1
58;1;APN;2;1;,GGSN_ID,APN_ID NETWORK_ID, 2 DTYPE!!DTYPE=1!GGSN_ID,APN_ID!;NULL;1
58;1;ACCT;1;1;,GGSN_ID,APN_ID,ACCT_ID NETWORK_ID,1 DTYPE, TRUNC(DATA_DATE,'HH24') FRAGMENT_DATE!!!GGSN_ID,APN_ID,ACCT_ID,TRUNC(DATA_DATE,'HH24')!;NULL;1
59;1;AUTH;1;1;,GGSN_ID,APN_ID,AUTH_ID NETWORK_ID,1 DTYPE, TRUNC(DATA_DATE,'HH24') FRAGMENT_DATE!!!GGSN_ID,APN_ID,AUTH_ID,TRUNC(DATA_DATE,'HH24')!;NULL;1
59;1;NW;4;1;,-999 NETWORK_ID,4 DTYPE!!DTYPE=3!-999!;NULL;1
59;1;APN;2;1;,GGSN_ID,APN_ID NETWORK_ID, 2 DTYPE!!DTYPE=1!GGSN_ID,APN_ID!;NULL;1
59;1;GGSN;3;1;,GGSN_ID NETWORK_ID, 3 DTYPE!!DTYPE=2!GGSN_ID!;NULL;1
60;1;GGSN;2;1;,GGSN_ID NETWORK_ID, 2 DTYPE!!DTYPE=1!GGSN_ID!;NULL;1
60;1;APN;1;1;,GGSN_ID,APN_ID NETWORK_ID, 1 DTYPE,TRUNC(A.DATA_DATE,'HH24') FRAGMENT_DATE!!!GGSN_ID,APN_ID,TRUNC(A.DATA_DATE,'HH24')!;NULL;1
60;1;NW;3;1;,-999 NETWORK_ID,3 DTYPE!!DTYPE=2!-999!;NULL;1
61;1;NW;3;1;,-999 NETWORK_ID,3 DTYPE!!DTYPE=2!-999!;NULL;1
61;1;GGSN;2;1;,GGSN_ID NETWORK_ID, 2 DTYPE!!DTYPE=1!GGSN_ID!;NULL;1
61;1;GTPC;1;1;,GGSN_ID,GTPC_ID NETWORK_ID,1 DTYPE, TRUNC(DATA_DATE,'HH24') FRAGMENT_DATE!!!GGSN_ID,GTPC_ID,TRUNC(DATA_DATE,'HH24')!;NULL;1
62;1;NW;3;1;,-999 NETWORK_ID,3 DTYPE!!DTYPE=2!-999!;NULL;1
62;1;GTPU;1;1;,GGSN_ID,GTPU_ID NETWORK_ID,1 DTYPE, TRUNC(DATA_DATE,'HH24') FRAGMENT_DATE!!!GGSN_ID,GTPU_ID,TRUNC(DATA_DATE,'HH24')!;NULL;1
62;1;GGSN;2;1;,GGSN_ID NETWORK_ID, 2 DTYPE!!DTYPE=1!GGSN_ID!;NULL;1
63;1;LOCAL;2;1;,GGSN_ID,LOCAL_ID NETWORK_ID, 2 DTYPE!!DTYPE=1!GGSN_ID,LOCAL_ID!;NULL;1
63;1;REMOTE;1;1;,GGSN_ID,LOCAL_ID,REMOTE_ID NETWORK_ID,1 DTYPE, TRUNC(DATA_DATE,'HH24') FRAGMENT_DATE!!!GGSN_ID,LOCAL_ID,REMOTE_ID,TRUNC(DATA_DATE,'HH24')!;NULL;1
63;1;GGSN;3;1;,GGSN_ID NETWORK_ID, 3 DTYPE!!DTYPE=2!GGSN_ID!;NULL;1
63;1;NW;4;1;,-999 NETWORK_ID,4 DTYPE!!DTYPE=3!-999!;NULL;1
64;1;NW;3;1;,-999 NETWORK_ID,3 DTYPE!!DTYPE=2!-999!;NULL;1
64;1;PIC;1;1;,GGSN_ID,PIC_ID NETWORK_ID,1 DTYPE, TRUNC(DATA_DATE,'HH24') FRAGMENT_DATE!!!GGSN_ID,PIC_ID,TRUNC(DATA_DATE,'HH24')!;NULL;1
64;1;GGSN;2;1;,GGSN_ID NETWORK_ID, 2 DTYPE!!DTYPE=1!GGSN_ID!;NULL;1
65;1;GGSN;2;1;,GGSN_ID NETWORK_ID, 2 DTYPE!!DTYPE=1!GGSN_ID!;NULL;1
65;1;FBCDI;1;1;,GGSN_ID,FBCDI_ID NETWORK_ID,1 DTYPE, TRUNC(DATA_DATE,'HH24') FRAGMENT_DATE!!!GGSN_ID,FBCDI_ID,TRUNC(DATA_DATE,'HH24')!;NULL;1
65;1;NW;3;1;,-999 NETWORK_ID,3 DTYPE!!DTYPE=2!-999!;NULL;1
66;1;SGSN;1;1;,SGSN_ID NETWORK_ID,1 DTYPE, TRUNC(A.DATA_DATE,'HH24') FRAGMENT_DATE!!!SGSN_ID,TRUNC(A.DATA_DATE,'HH24')!;NULL;1
66;1;NW;2;1;,-999 NETWORK_ID,2 DTYPE!!DTYPE=1!-999!;NULL;1
67;1;NSEI;1;1;,SGSN_ID, NSEI_ID NETWORK_ID,1 DTYPE, TRUNC(DATA_DATE,'HH24')FRAGMENT_DATE!!!SGSN_ID,NSEI_ID,TRUNC(DATA_DATE,'HH24')!;NULL;1
67;1;SGSN;2;1;,SGSN_ID NETWORK_ID,2 DTYPE!!DTYPE=1!SGSN_ID!;NULL;1
67;1;NW;3;1;,-999 NETWORK_ID,3 DTYPE!!DTYPE=2!-999!;NULL;1
68;1;NW;5;1;,-999 NETWORK_ID,5 DTYPE!!DTYPE=4!-999!;NULL;1
68;1;SGSN;4;1;,SGSN_ID NETWORK_ID,4 DTYPE!!DTYPE=3!SGSN_ID!;NULL;1
68;1;MAG;3;1;,SGSN_ID , MAG_ID NETWORK_ID,3 DTYPE!!DTYPE=2!SGSN_ID,MAG_ID!;NULL;1
68;1;PORT;1;1;,SGSN_ID , MAG_ID ,SLOT_ID,PORT_ID NETWORK_ID,1 DTYPE,TRUNC(A.DATA_DATE,'HH24') FRAGMENT_DATE!!!SGSN_ID,MAG_ID,SLOT_ID,PORT_ID,TRUNC(DATA_DATE,'HH24')!;NULL;1
68;1;SLOT;2;1;,SGSN_ID , MAG_ID ,SLOT_ID NETWORK_ID,2 DTYPE!!DTYPE=1!SGSN_ID,MAG_ID,SLOT_ID!;NULL;1
69;1;NW;3;1;,-999 NETWORK_ID,3 DTYPE!!DTYPE=2!-999!;NULL;1
69;1;SGSN;2;1;,SGSN_ID NETWORK_ID,2 DTYPE!!DTYPE=1!SGSN_ID!;NULL;1
69;1;GSN;1;1;,SGSN_ID, GSN_ID NETWORK_ID,1 DTYPE, TRUNC(DATA_DATE,'HH24')FRAGMENT_DATE!!!SGSN_ID,GSN_ID,TRUNC(DATA_DATE,'HH24')!;NULL;1
70;1;NW;5;1;,-999 NETWORK_ID,5 DTYPE!!DTYPE=4!-999!;NULL;1
70;1;SLOT;2;1;,SGSN_ID , MAG_ID ,SLOT_ID NETWORK_ID,2 DTYPE!!DTYPE=1!SGSN_ID,MAG_ID,SLOT_ID!;NULL;1
70;1;MAG;3;1;,SGSN_ID , MAG_ID NETWORK_ID,3 DTYPE!!DTYPE=2!SGSN_ID,MAG_ID!;NULL;1
70;1;SGSN;4;1;,SGSN_ID NETWORK_ID,4 DTYPE!!DTYPE=3!SGSN_ID!;NULL;1
70;1;NET;1;1;,SGSN_ID , MAG_ID ,SLOT_ID,NET_ID NETWORK_ID,1 DTYPE,TRUNC(A.DATA_DATE,'HH24') FRAGMENT_DATE!!!SGSN_ID,MAG_ID,SLOT_ID,NET_ID,TRUNC(DATA_DATE,'HH24')!;NULL;1
53;1;NW;3;1;,-999 NETWORK_ID,3 DTYPE!!DTYPE=2!-999!;NULL;1
71;1;IPIF;1;1;,SGSN_ID, IPIF_ID NETWORK_ID,1 DTYPE, TRUNC(DATA_DATE,'HH24') FRAGMENT_DATE!!!SGSN_ID,IPIF_ID,TRUNC(DATA_DATE,'HH24')!;NULL;1
71;1;NW;3;1;,-999 NETWORK_ID,3 DTYPE!!DTYPE=2!-999!;NULL;1
71;1;SGSN;2;1;,SGSN_ID NETWORK_ID,2 DTYPE!!DTYPE=1!SGSN_ID!;NULL;1
72;1;MMRA;1;1;,SGSN_ID, MMRA_ID NETWORK_ID,1 DTYPE, TRUNC(A.DATA_DATE,'HH24')FRAGMENT_DATE!!!SGSN_ID,MMRA_ID,TRUNC(A.DATA_DATE,'HH24')!;NULL;1
72;1;SGSN;2;1;,SGSN_ID NETWORK_ID,2 DTYPE!!DTYPE=1!SGSN_ID!;NULL;1
72;1;NW;3;1;,-999 NETWORK_ID,3 DTYPE!!DTYPE=2!-999!;NULL;1
116;0;DRA;0;1;NULL;NULL;1
139;0;SSGW;0;1;NULL;NULL;1
114;1;BTS;1;0;NULL;NULL;1
114;2;BSC;2;0;,BSC_ID NETWORK_ID,2 DTYPE!! DTYPE=1! BSC_ID!;NULL;1
114;2;NW;3;0;,-999 NETWORK_ID,3 DTYPE!!DTYPE=1!-999!;NULL;1
140;1;MSC;2;1;,MSC_ID  NETWORK_ID,2 DTYPE!!DTYPE=1!MSC_ID!;NULL;1
140;1;TRAFFIC_CATEGORY;1;1;NULL;NULL;1
138;0;UNIT;0;1;NULL;NULL;1
144;1;MGW;2;1;,MGW_ID  NETWORK_ID,2 DTYPE!!DTYPE=1!MGW_ID!;NULL;1
144;1;DSPPOOL;1;1;NULL;NULL;1
145;1;UNIT;1;1;NULL;NULL;1
145;1;MGW;2;1;,MGW_ID  NETWORK_ID,2 DTYPE!!DTYPE=1!MGW_ID!;NULL;1
158;1;NW;3;1;,-999 NETWORK_ID,3 DTYPE!!DTYPE=2!-999!;NULL;1
158;1;ASS;1;1;NULL;NULL;1
158;1;MGW;2;1;,MGW_ID  NETWORK_ID,2 DTYPE!!DTYPE=1!MGW_ID!;NULL;1
159;1;NW;3;1;,-999 NETWORK_ID,3 DTYPE!!DTYPE=2!-999!;NULL;1
159;1;ASSOSET;1;1;NULL;NULL;1
159;1;MSC;2;1;,MSC_ID  NETWORK_ID,2 DTYPE!!DTYPE=1!MSC_ID!;NULL;1
-2;0;NW;6;1;,MAIN_REGION_ID,SUB_REGION_ID,NETWORK_ID,6 DTYPE!!TEMP_DTYPE=6!MAIN_REGION_ID,SUB_REGION_ID,NETWORK_ID!;NULL;1
170;1;ABCF;1;1;NULL;NULL;1
170;1;SBC;2;1;,SBC_ID  NETWORK_ID,2 DTYPE!!DTYPE=1!SBC_ID!;NULL;1
170;1;NW;3;1;,-999 NETWORK_ID,3 DTYPE!!DTYPE=2!-999!;NULL;1
-2;1;SUB_REGION;9;1;,MAIN_REGION_ID,SUB_REGION_ID,NETWORK_ID,9 DTYPE!!TEMP_DTYPE=9!MAIN_REGION_ID,SUB_REGION_ID,NETWORK_ID!;NULL;1
-2;1;CITY;7;1;,MAIN_REGION_ID,SUB_REGION_ID,NETWORK_ID,7 DTYPE!!TEMP_DTYPE=7!MAIN_REGION_ID,SUB_REGION_ID,NETWORK_ID!;NULL;1
-2;1;MAIN_REGION;8;1;,MAIN_REGION_ID,SUB_REGION_ID,NETWORK_ID,8 DTYPE!!TEMP_DTYPE=8!MAIN_REGION_ID,SUB_REGION_ID,NETWORK_ID!;NULL;1
183;1;RESOURCE;1;1;NULL;NULL;1
183;2;PORT;2;1;,NE_ID,SHELF_ID, SLOT_ID, BOARD_ID,PORT_ID NETWORK_ID,2 DTYPE!! DTYPE=1!NE_ID,SHELF_ID, SLOT_ID, BOARD_ID,PORT_ID!;NULL;1
177;1;SMSC;1;1;,SMSC_ID NETWORK_ID,1 DTYPE,TRUNC(A.DATETIME,'HH24') FRAGMENT_DATE!!!SMSC_ID,TRUNC(A.DATETIME,'HH24')!;NULL;1
177;2;NW;2;1;,-999 NETWORK_ID,2 DTYPE!!DTYPE=1!-999!;NULL;1
183;2;BOARD;3;1;,NE_ID,SHELF_ID, SLOT_ID, BOARD_ID NETWORK_ID,3 DTYPE!! DTYPE=1!NE_ID,SHELF_ID, SLOT_ID, BOARD_ID!;NULL;1
183;2;SLOT;4;1;,NE_ID,SHELF_ID, SLOT_ID NETWORK_ID,4 DTYPE!! DTYPE=1!NE_ID,SHELF_ID, SLOT_ID!;NULL;1
183;2;SHELF;5;1;,NE_ID,SHELF_ID NETWORK_ID,5 DTYPE!! DTYPE=1!NE_ID,SHELF_ID!;NULL;1
183;2;NE;6;1;,NE_ID NETWORK_ID,6 DTYPE!! DTYPE=1!NE_ID!;NULL;1
31;3;CITY;8;0;,CITY_ID NETWORK_ID,8 DTYPE!!DTYPE=2!CITY_ID!;NULL;1
187;2;SLOT;4;1;,OID_ID,NE_ID, SHELF_ID, SLOT_ID NETWORK_ID,4 DTYPE!! DTYPE=1!OID_ID,NE_ID,SHELF_ID, SLOT_ID!;NULL;1
187;2;SHELF;5;1;,OID_ID,NE_ID, SHELF_ID NETWORK_ID,5 DTYPE!! DTYPE=1!OID_ID,NE_ID,SHELF_ID!;NULL;1
171;1;HSSFE;2;1;,HSSFE_ID  NETWORK_ID,2 DTYPE!!DTYPE=1!HSSFE_ID!;NULL;1
192;1;MSC;2;1;,MSC_ID  NETWORK_ID,2 DTYPE!!DTYPE=1!MSC_ID!;NULL;1
192;1;CODEC;1;1;NULL;NULL;1
171;1;NW;3;1;,-999 NETWORK_ID,3 DTYPE!!DTYPE=2!-999!;NULL;1
202;1;SCTPTRAFF;1;0;,STP_ID, X.SCTPTRAFF_ID NETWORK_ID, 1 DTYPE, TRUNC(A.DATA_DATE,'HH24') FRAGMENT_DATE!!!STP_ID, X.SCTPTRAFF_ID, TRUNC(A.DATA_DATE,'HH24')!;NULL;1
202;2;STP;2;0;,STP_ID NETWORK_ID,2 DTYPE!!DTYPE=1!STP_ID!;NULL;1
202;2;NW;3;0;,-999 NETWORK_ID,3 DTYPE!!DTYPE=1!-999!;NULL;1
203;1;SCTPIPP;1;0;,STP_ID, X.SCTPIPP_ID NETWORK_ID, 1 DTYPE, TRUNC(A.DATA_DATE,'HH24') FRAGMENT_DATE!!! STP_ID,X.SCTPIPP_ID, TRUNC(A.DATA_DATE,'HH24')!;NULL;1
203;2;STP;2;0;,STP_ID NETWORK_ID,2 DTYPE!!DTYPE=1!STP_ID!;NULL;1
203;2;NW;3;0;,-999 NETWORK_ID,3 DTYPE!!DTYPE=1!-999!;NULL;1
209;1;NODE;1;0;,MSP_ID,X.NODE_ID NETWORK_ID, 1 DTYPE, TRUNC(A.DATA_DATE,'HH24') FRAGMENT_DATE!!!MSP_ID,X.NODE_ID, TRUNC(A.DATA_DATE,'HH24')!;NULL;1
209;2;MSP;2;0;,MSP_ID NETWORK_ID,2 DTYPE!!DTYPE=1!MSP_ID!;NULL;1
209;2;NW;3;0;,-999 NETWORK_ID,3 DTYPE!!DTYPE=1!-999!;NULL;1
210;1;HSM;1;0;,NTHLRFE_ID,X.HSM_ID NETWORK_ID, 1 DTYPE, TRUNC(A.DATA_DATE,'HH24') FRAGMENT_DATE!!!X.NTHLRFE_ID, X.HSM_ID, TRUNC(A.DATA_DATE,'HH24')!;NULL;1
210;2;NTHLRFE;2;0;,NTHLRFE_ID NETWORK_ID,2 DTYPE!!DTYPE=1!NTHLRFE_ID!;NULL;1
210;2;NW;3;0;,-999 NETWORK_ID,3 DTYPE!!DTYPE=1!-999!;NULL;1
215;1;DLB;1;0;,IMSNFM_ID,HSS_ID,X.DLB_ID NETWORK_ID, 1 DTYPE, TRUNC(A.DATA_DATE,'HH24') FRAGMENT_DATE!!!X.DLB_ID, X.HSS_ID,X.IMSNFM_ID, TRUNC(A.DATA_DATE,'HH24')!;NULL;1
215;2;HSS;2;0;,IMSNFM_ID,HSS_ID NETWORK_ID,2 DTYPE!!DTYPE=1!IMSNFM_ID,HSS_ID!;NULL;1
215;3;IMSNFM;3;0;,IMSNFM_ID NETWORK_ID,3 DTYPE!!DTYPE=1!IMSNFM_ID!;NULL;1
215;4;NW;4;0;,-999 NETWORK_ID,4 DTYPE!!DTYPE=1!-999!;NULL;1
216;1;SLB;1;0;,IMSNFM_ID,HSS_ID,X.SLB_ID NETWORK_ID, 1 DTYPE, TRUNC(A.DATA_DATE,'HH24') FRAGMENT_DATE!!!X.SLB_ID, X.HSS_ID,X.IMSNFM_ID, TRUNC(A.DATA_DATE,'HH24')!;NULL;1
216;2;HSS;2;0;,IMSNFM_ID,HSS_ID NETWORK_ID,2 DTYPE!!DTYPE=1!IMSNFM_ID,HSS_ID!;NULL;1
216;3;IMSNFM;3;0;,IMSNFM_ID NETWORK_ID,3 DTYPE!!DTYPE=1!IMSNFM_ID!;NULL;1
216;4;NW;4;0;,-999 NETWORK_ID,4 DTYPE!!DTYPE=1!-999!;NULL;1
218;1;ESN;1;1;",ESN_ID,CELL_ID NETWORK_ID,1 DTYPE,TRUNC(A.DATA_DATE,'HH24') FRAGMENT_DATE!!!ESN_ID,CELL_ID,TRUNC(A.DATA_DATE,'HH24')!	";NULL;1
218;1;CELL;2;1;",ESN_ID  NETWORK_ID,2 DTYPE!!DTYPE=1!ESN_ID!	";NULL;1
218;1;NW;3;1;",-999 NETWORK_ID,3 DTYPE!!DTYPE=2!-999!	";NULL;1
228;1;TYPE;1;0;,TAS_ID,ST_ID,DIR_ID,X.TYPE_ID NETWORK_ID, 1 DTYPE, TRUNC(A.DATA_DATE,'HH24') FRAGMENT_DATE!!!TAS_ID, ST_ID,DIR_ID,TYPE_ID, TRUNC(A.DATA_DATE,'HH24')!;NULL;1
228;1;DIR;2;0;,TAS_ID,ST_ID,DIR_ID NETWORK_ID,2 DTYPE!!DTYPE=1!TAS_ID,ST_ID,DIR_ID!;NULL;1
228;1;ST;3;0;,TAS_ID,ST_ID NETWORK_ID,3 DTYPE!!DTYPE=1!TAS_ID,ST_ID!;NULL;1
228;1;TAS;4;0;,TAS_ID NETWORK_ID,4 DTYPE!!DTYPE=1!TAS_ID!;NULL;1
228;1;NW;5;0;,-999 NETWORK_ID,5 DTYPE!!DTYPE=1!-999!;NULL;1
230;1;CELL;1;1;NULL;NULL;1
230;2;GNODEB;2;1;,GNODEB_ID NETWORK_ID,2 DTYPE!!DTYPE=1!GNODEB_ID!;NULL;1
230;3;NW;3;1;,-999 NETWORK_ID,3 DTYPE!!DTYPE=1!-999!;NULL;1
242;1;ENODEB;1;1;NULL;NULL;1
242;2;SUB_REGION;2;1;,SUB_REGION_ID NETWORK_ID,2 DTYPE!! DTYPE=1!SUB_REGION_ID!;NULL;1
242;2;NW;3;1;,-999 NETWORK_ID,3 DTYPE!!DTYPE=1!-999!;NULL;1
243;1;SERVICENUM;1;1;,HOST_ID, SERVICENUM_ID NETWORK_ID, 1 DTYPE, TRUNC(DATA_DATE,'HH24') FRAGMENT_DATE!!!HOST_ID,SERVICENUM_ID,TRUNC(DATA_DATE,'HH24')!;NULL;NULL
243;2;HOST;2;1;,HOST_ID NETWORK_ID, 2 DTYPE!!DTYPE=1!HOST_ID!;NULL;NULL
243;3;NW;3;1;,-999 NETWORK_ID,3 DTYPE!!DTYPE=1!-999!;NULL;NULL
253;2;NW;2;1;,-999 NETWORK_ID,2 DTYPE!!DTYPE=1!-999!;NULL;1
253;1;GNODEB;1;1;,NETWORK_ID,1 DTYPE!!!NETWORK_ID!;NULL;1
82;1;SBC;2;1;,SBC_ID  NETWORK_ID,2 DTYPE!!DTYPE=1!SBC_ID!;NULL;1
82;1;IBCF;1;1;NULL;NULL;1
82;1;NW;3;1;,-999 NETWORK_ID,3 DTYPE!!DTYPE=2!-999!;NULL;1
83;1;SBC;2;1;,SBC_ID  NETWORK_ID,2 DTYPE!!DTYPE=1!SBC_ID!;NULL;1
83;1;BOARD;1;1;NULL;NULL;1
83;1;NW;3;1;,-999 NETWORK_ID,3 DTYPE!!DTYPE=2!-999!;NULL;1
84;1;BRD;1;1;NULL;NULL;1
84;1;CGP;2;1;,CGP_ID  NETWORK_ID,2 DTYPE!!DTYPE=1!CGP_ID!;NULL;1
84;1;NW;3;1;,-999 NETWORK_ID,3 DTYPE!!DTYPE=2!-999!;NULL;1
85;1;IP;1;1;NULL;NULL;1
85;1;CGP;2;1;,CGP_ID  NETWORK_ID,2 DTYPE!!DTYPE=1!CGP_ID!;NULL;1
85;1;NW;3;1;,-999 NETWORK_ID,3 DTYPE!!DTYPE=2!-999!;NULL;1
86;1;PORT;1;1;NULL;NULL;1
86;1;CGP;2;1;,CGP_ID  NETWORK_ID,2 DTYPE!!DTYPE=1!CGP_ID!;NULL;1
86;1;NW;3;1;,-999 NETWORK_ID,3 DTYPE!!DTYPE=2!-999!;NULL;1
87;1;ICSCF;1;1;NULL;NULL;1
87;1;CSCF;2;1;,CSCF_ID  NETWORK_ID,2 DTYPE!!DTYPE=1!CSCF_ID!;NULL;1
87;1;NW;3;1;,-999 NETWORK_ID,3 DTYPE!!DTYPE=2!-999!;NULL;1
88;1;BOARD;1;1;NULL;NULL;1
88;1;CSCF;2;1;,CSCF_ID  NETWORK_ID,2 DTYPE!!DTYPE=1!CSCF_ID!;NULL;1
88;1;NW;3;1;,-999 NETWORK_ID,3 DTYPE!!DTYPE=2!-999!;NULL;1
89;1;CSCF;1;1;NULL;NULL;1
89;1;NW;2;1;,-999 NETWORK_ID,2 DTYPE!!DTYPE=1!-999!;NULL;1
121;0;STP;0;1;NULL;NULL;1
99;0;PU;0;1;NULL;NULL;1
126;1;SYS;1;1;,BIGIP_ID,SYS_ID NETWORK_ID,1 DTYPE,TRUNC(A.DATA_DATE,'HH24') FRAGMENT_DATE!!!BIGIP_ID,SYS_ID,TRUNC(A.DATA_DATE,'HH24')!;NULL;1
126;1;BIGIP;2;1;,BIGIP_ID  NETWORK_ID,2 DTYPE!!DTYPE=1!BIGIP_ID!;NULL;1
100;0;BLADE;0;1;NULL;NULL;1
126;1;NW;3;1;,-999 NETWORK_ID,3 DTYPE!!DTYPE=2!-999!;NULL;1
127;1;SYSTMM;1;1;,BIGIP_ID,SYSTMM_ID NETWORK_ID,1 DTYPE,TRUNC(A.DATA_DATE,'HH24') FRAGMENT_DATE!!!BIGIP_ID,SYSTMM_ID,TRUNC(A.DATA_DATE,'HH24')!;NULL;1
101;0;NODE;0;1;NULL;NULL;1
127;1;BIGIP;2;1;,BIGIP_ID  NETWORK_ID,2 DTYPE!!DTYPE=1!BIGIP_ID!;NULL;1
127;1;NW;3;1;,-999 NETWORK_ID,3 DTYPE!!DTYPE=2!-999!;NULL;1
102;0;UNIT;0;1;NULL;NULL;1
130;1;DISKUSAGE;1;1;,AAAOAM_ID,DISKUSAGE_ID NETWORK_ID,1 DTYPE,TRUNC(A.DATA_DATE,'HH24') FRAGMENT_DATE!!!AAAOAM_ID,DISKUSAGE_ID,TRUNC(A.DATA_DATE,'HH24')!;NULL;1
130;1;AAAOAM;2;1;,AAAOAM_ID  NETWORK_ID,2 DTYPE!!DTYPE=1!AAAOAM_ID!;NULL;1
103;0;REF;0;1;NULL;NULL;1
130;1;NW;3;1;,-999 NETWORK_ID,3 DTYPE!!DTYPE=2!-999!;NULL;1
135;1;UNIT;1;1;NULL;NULL;1
104;0;DEVICE;0;1;NULL;NULL;1
137;1;MSC;2;1;,MSC_ID  NETWORK_ID,2 DTYPE!!DTYPE=1!MSC_ID!;NULL;1
137;1;UNIT;1;1;NULL;NULL;1
105;0;C7SL1;0;1;NULL;NULL;1
175;2;NW;2;1;,-999 NETWORK_ID,2 DTYPE!!DTYPE=1!-999!;NULL;1
161;1;CGR;1;1;NULL;NULL;1
106;0;C7SL2;0;1;NULL;NULL;1
161;1;CDS;2;1;,CDS_ID  NETWORK_ID,2 DTYPE!!DTYPE=1!CDS_ID!;NULL;1
175;1;ENODEB;1;1;,A.NETWORK_ID ENODEB_ID,1 DTYPE, TRUNC(A.DATA_DATE,'HH24') FRAGMENT_DATE!!!A.NETWORK_ID, TRUNC(A.DATA_DATE,'HH24')!;NULL;1
107;0;C7SLSET;0;1;NULL;NULL;1
163;2;CITY;2;1;,CITY_ID NETWORK_ID,2 DTYPE!!DTYPE=1!CITY_ID!;NULL;1
30;3;BSCCITY;21;0;,CITY_ID ,BSC_ID NETWORK_ID,21 DTYPE!!DTYPE=1!CITY_ID,BSC_ID!;NULL;1
108;0;HS7SL1;0;1;NULL;NULL;1
163;2;SUB_REGION;3;1;,MAIN_REGION_ID,SUB_REGION_ID NETWORK_ID,3 DTYPE!!DTYPE=1!MAIN_REGION_ID,SUB_REGION_ID!;NULL;1
163;2;MR;5;1;,MAIN_REGION_ID NETWORK_ID,5 DTYPE!!DTYPE=1!MAIN_REGION_ID!;NULL;1
109;0;LOAS;0;1;NULL;NULL;1
200;1;CFRAME;1;1;,HSSFE_ID,CFRAME_ID NETWORK_ID,1 DTYPE,TRUNC(A.DATA_DATE,'HH24') FRAGMENT_DATE!!!HSSFE_ID,CFRAME_ID,TRUNC(A.DATA_DATE,'HH24')!;NULL;1
163;2;NW;4;1;,-999 NETWORK_ID,4 DTYPE!!DTYPE=1!-999!;NULL;1
110;0;M2PASLMT1;0;1;NULL;NULL;1
200;1;HSSFE;2;1;,HSSFE_ID  NETWORK_ID,2 DTYPE!!DTYPE=1!HSSFE_ID!;NULL;1
200;1;NW;3;1;,-999 NETWORK_ID,3 DTYPE!!DTYPE=2!-999!;NULL;1
111;0;M3ASSOC;0;1;NULL;NULL;1
213;1;MGMTVNFC;1;0;,IMSNFM_ID,HSS_ID,X.MGMTVNFC_ID NETWORK_ID, 1 DTYPE, TRUNC(A.DATA_DATE,'HH24') FRAGMENT_DATE!!!X.MGMTVNFC_ID, X.HSS_ID,X.IMSNFM_ID, TRUNC(A.DATA_DATE,'HH24')!;NULL;1
213;2;HSS;2;0;,IMSNFM_ID,HSS_ID NETWORK_ID,2 DTYPE!!DTYPE=1!IMSNFM_ID,HSS_ID!;NULL;1
112;0;M3DATA;0;1;NULL;NULL;1
213;3;IMSNFM;3;0;,IMSNFM_ID NETWORK_ID,3 DTYPE!!DTYPE=1!IMSNFM_ID!;NULL;1
213;4;NW;4;0;,-999 NETWORK_ID,4 DTYPE!!DTYPE=1!-999!;NULL;1
113;0;M3DEST1;0;1;NULL;NULL;1
73;1;NW;6;1;,-999 NETWORK_ID,6 DTYPE!!DTYPE=5!-999!;NULL;1
73;1;SGSN;5;1;,SGSN_ID NETWORK_ID,5 DTYPE!!DTYPE=4!SGSN_ID!;NULL;1
73;1;MAG;4;1;,SGSN_ID , MAG_ID NETWORK_ID,4 DTYPE!!DTYPE=3!SGSN_ID,MAG_ID!;NULL;1
73;1;SLOT;3;1;,SGSN_ID , MAG_ID ,SLOT_ID NETWORK_ID,3 DTYPE!!DTYPE=2!SGSN_ID,MAG_ID,SLOT_ID!;NULL;1
73;1;NET;2;1;,SGSN_ID , MAG_ID ,SLOT_ID,NET_ID NETWORK_ID,2 DTYPE!!DTYPE=1!SGSN_ID,MAG_ID,SLOT_ID,NET_ID!;NULL;1
73;1;AREA;1;1;,SGSN_ID , MAG_ID ,SLOT_ID,NET_ID,AREA_ID NETWORK_ID,1 DTYPE,TRUNC(A.DATA_DATE,'HH24') FRAGMENT_DATE!!!SGSN_ID,MAG_ID,SLOT_ID,NET_ID,AREA_ID,TRUNC(DATA_DATE,'HH24')!;NULL;1
74;1;MAG;4;1;,SGSN_ID , MAG_ID NETWORK_ID,4 DTYPE!!DTYPE=3!SGSN_ID,MAG_ID!;NULL;1
74;1;SLOT;3;1;,SGSN_ID , MAG_ID ,SLOT_ID NETWORK_ID,3 DTYPE!!DTYPE=2!SGSN_ID,MAG_ID,SLOT_ID!;NULL;1
74;1;NET;2;1;,SGSN_ID , MAG_ID ,SLOT_ID,NET_ID NETWORK_ID,2 DTYPE!!DTYPE=1!SGSN_ID,MAG_ID,SLOT_ID,NET_ID!;NULL;1
74;1;IPIF;1;1;,SGSN_ID , MAG_ID ,SLOT_ID,NET_ID,IPIF_ID NETWORK_ID,1 DTYPE,TRUNC(A.DATA_DATE,'HH24') FRAGMENT_DATE!!!SGSN_ID,MAG_ID,SLOT_ID,NET_ID,IPIF_ID,TRUNC(DATA_DATE,'HH24')!;NULL;1
74;1;NW;6;1;,-999 NETWORK_ID,6 DTYPE!!DTYPE=5!-999!;NULL;1
74;1;SGSN;5;1;,SGSN_ID NETWORK_ID,5 DTYPE!!DTYPE=4!SGSN_ID!;NULL;1
75;1;NW;6;1;,-999 NETWORK_ID,6 DTYPE!!DTYPE=5!-999!;NULL;1
75;1;SGSN;5;1;,SGSN_ID NETWORK_ID,5 DTYPE!!DTYPE=4!SGSN_ID!;NULL;1
75;1;MAG;4;1;,SGSN_ID , MAG_ID NETWORK_ID,4 DTYPE!!DTYPE=3!SGSN_ID,MAG_ID!;NULL;1
75;1;SLOT;3;1;,SGSN_ID , MAG_ID ,SLOT_ID NETWORK_ID,3 DTYPE!!DTYPE=2!SGSN_ID,MAG_ID,SLOT_ID!;NULL;1
75;1;NET;2;1;,SGSN_ID , MAG_ID ,SLOT_ID,NET_ID NETWORK_ID,2 DTYPE!!DTYPE=1!SGSN_ID,MAG_ID,SLOT_ID,NET_ID!;NULL;1
75;1;NBR;1;1;,SGSN_ID , MAG_ID ,SLOT_ID,NET_ID,NBR_ID NETWORK_ID,1 DTYPE,TRUNC(A.DATA_DATE,'HH24') FRAGMENT_DATE!!!SGSN_ID,MAG_ID,SLOT_ID,NET_ID,NBR_ID,TRUNC(DATA_DATE,'HH24')!;NULL;1
76;1;SGSN;3;1;,SGSN_ID  NETWORK_ID,3 DTYPE!!DTYPE=2!SGSN_ID!;NULL;1
76;1;MAG;2;1;,SGSN_ID , MAG_ID  NETWORK_ID,2 DTYPE!!DTYPE=1!SGSN_ID,MAG_ID!;NULL;1
76;1;NW;4;1;,-999 NETWORK_ID,4 DTYPE!!DTYPE=3!-999!;NULL;1
76;1;SLOT;1;1;,SGSN_ID , MAG_ID ,SLOT_ID NETWORK_ID,1 DTYPE,TRUNC(A.DATA_DATE,'HH24') FRAGMENT_DATE!!!SGSN_ID,MAG_ID,SLOT_ID,TRUNC(DATA_DATE,'HH24')!;NULL;1
77;1;NW;3;1;,-999 NETWORK_ID,3 DTYPE!!DTYPE=2!-999!;NULL;1
77;1;RNC;1;1;,SGSN_ID, RNC_ID NETWORK_ID,1 DTYPE, TRUNC(DATA_DATE,'HH24')FRAGMENT_DATE!!!SGSN_ID,RNC_ID,TRUNC(DATA_DATE,'HH24')!;NULL;1
77;1;SGSN;2;1;,SGSN_ID NETWORK_ID,2 DTYPE!!DTYPE=1!SGSN_ID!;NULL;1
78;1;NW;3;1;,-999 NETWORK_ID,3 DTYPE!!DTYPE=2!-999!;NULL;1
78;1;SGSN;2;1;,SGSN_ID NETWORK_ID,2 DTYPE!!DTYPE=1!SGSN_ID!;NULL;1
78;1;SCTP;1;1;,SGSN_ID, SCTP_ID NETWORK_ID,1 DTYPE, TRUNC(DATA_DATE,'HH24')FRAGMENT_DATE!!!SGSN_ID,SCTP_ID,TRUNC(DATA_DATE,'HH24')!;NULL;1
79;1;RMT;2;1;,SGSN_ID,RMT_ID NETWORK_ID,2 DTYPE!!DTYPE=1!SGSN_ID,RMT_ID!;NULL;1
79;1;SGSN;3;1;,SGSN_ID  NETWORK_ID,3 DTYPE!!DTYPE=2!SGSN_ID!;NULL;1
79;1;NW;4;1;,-999 NETWORK_ID,4 DTYPE!!DTYPE=3!-999!;NULL;1
79;1;LCL;1;1;,SGSN_ID , RMT_ID ,LCL_ID NETWORK_ID,1 DTYPE,TRUNC(A.DATA_DATE,'HH24') FRAGMENT_DATE!!!SGSN_ID,RMT_ID,LCL_ID,TRUNC(DATA_DATE,'HH24')!;NULL;1
80;1;NW;3;1;,-999 NETWORK_ID,3 DTYPE!!DTYPE=2!-999!;NULL;1
80;1;IF;1;1;,SGSN_ID, IF_ID NETWORK_ID,1 DTYPE, TRUNC(DATA_DATE,'HH24')FRAGMENT_DATE!!!SGSN_ID,IF_ID,TRUNC(DATA_DATE,'HH24')!;NULL;1
80;1;SGSN;2;1;,SGSN_ID  NETWORK_ID,2 DTYPE!!DTYPE=1!SGSN_ID!;NULL;1
181;1;ENODEB;1;1;NULL;NULL;1
244;1;ENODEB;1;1;,MAIN_REGION_ID,SUB_REGION_ID,CITY_ID,NETWORK_ID,1 DTYPE!!!MAIN_REGION_ID,SUB_REGION_ID,CITY_ID,NETWORK_ID!;NULL;1
181;2;SUB_REGION;2;1;,MAIN_REGION_ID,SUB_REGION_ID NETWORK_ID,2 DTYPE!! DTYPE=1!MAIN_REGION_ID,SUB_REGION_ID!;NULL;1
143;0;MSU;0;1;NULL;NULL;1
181;2;MAIN_REGION;3;1;,MAIN_REGION_ID NETWORK_ID,3 DTYPE!! DTYPE=1!MAIN_REGION_ID!;NULL;1
181;2;CITY;4;1;,CITY_ID NETWORK_ID,4 DTYPE!!DTYPE=1!CITY_ID!;NULL;1
172;3;MAIN_REGION;4;1;,MAIN_REGION_ID NETWORK_ID,4 DTYPE!!DTYPE=1!MAIN_REGION_ID!;NULL;1
172;3;SUB_REGION;5;1;,MAIN_REGION_ID,SUB_REGION_ID NETWORK_ID,5 DTYPE!!DTYPE=1!MAIN_REGION_ID,SUB_REGION_ID!;NULL;1
172;3;CITY;6;1;,CITY_ID NETWORK_ID,6 DTYPE!!DTYPE=1!CITY_ID!;NULL;1
172;3;FBAND;7;1;,FBAND_ID NETWORK_ID,7 DTYPE!!DTYPE=1!FBAND_ID!;NULL;1
172;3;RBAND;8;1;,MAIN_REGION_ID,SUB_REGION_ID,FBAND_ID NETWORK_ID,8 DTYPE!!DTYPE=1!MAIN_REGION_ID,SUB_REGION_ID,FBAND_ID!;NULL;1
172;3;CBAND;9;1;,CITY_ID,FBAND_ID NETWORK_ID,9 DTYPE!!DTYPE=1!CITY_ID,FBAND_ID!;NULL;1
172;3;ILCE;10;1;,CITY_ID,ILCE_ID NETWORK_ID,10 DTYPE!!DTYPE=1!CITY_ID,ILCE_ID!;NULL;1
172;3;MAHALLE;11;1;,CITY_ID,ILCE_ID,MAHALLE_ID NETWORK_ID,11 DTYPE!!DTYPE=1!CITY_ID,ILCE_ID,MAHALLE_ID!;NULL;1
172;3;NFBAND;12;1;,ENODEB_ID,FBAND_ID NETWORK_ID,12 DTYPE!!DTYPE=1!ENODEB_ID,FBAND_ID!;NULL;1
172;3;SRCITY;13;1;,MAIN_REGION_ID,SUB_REGION_ID,CITY_ID NETWORK_ID,13 DTYPE!!DTYPE=1!MAIN_REGION_ID,SUB_REGION_ID,CITY_ID!;NULL;1
172;3;DFBAND;14;1;,CITY_ID,ILCE_ID,FBAND_ID NETWORK_ID,14 DTYPE!!DTYPE=1!CITY_ID,ILCE_ID,FBAND_ID!;NULL;1
211;1;HLRCALLP;1;0;,IMSNFM_ID,HSS_ID,X.HLRCALLP_ID NETWORK_ID, 1 DTYPE, TRUNC(A.DATA_DATE,'HH24') FRAGMENT_DATE!!!X.HLRCALLP_ID, X.HSS_ID,X.IMSNFM_ID, TRUNC(A.DATA_DATE,'HH24')!;NULL;1
211;2;HSS;2;0;,IMSNFM_ID,HSS_ID NETWORK_ID,2 DTYPE!!DTYPE=1!IMSNFM_ID,HSS_ID!;NULL;1
211;3;IMSNFM;3;0;,IMSNFM_ID NETWORK_ID,3 DTYPE!!DTYPE=1!IMSNFM_ID!;NULL;1
211;4;NW;4;0;,-999 NETWORK_ID,4 DTYPE!!DTYPE=1!-999!;NULL;1
90;1;BOARD;1;1;,RNC_ID,BOARD_NAME,A.NETWORK_ID,1 DTYPE,TRUNC(A.DATA_DATE,'HH24') FRAGMENT_DATE!!!RNC_ID,BOARD_NAME,A.NETWORK_ID,TRUNC(A.DATA_DATE,'HH24')!;NULL;1
90;1;NODEB;2;1;,A.NETWORK_ID NETWORK_ID,2 DTYPE!!DTYPE=1!NETWORK_ID!;NULL;1
90;1;NW;3;1;,-999 NETWORK_ID,3 DTYPE!!DTYPE=2!-999!;NULL;1
123;0;CG;0;1;NULL;NULL;1
124;0;SCLM;0;1;NULL;NULL;1
165;1;MSC;2;1;,MSC_ID,2 DTYPE!!DTYPE=1!MSC_ID!;NULL;1
167;1;SDS;1;1;,SDS_ID NETWORK_ID,1 DTYPE,TRUNC(A.DATA_DATE,'HH24') FRAGMENT_DATE!!!SDS_ID,TRUNC(A.DATA_DATE,'HH24')!;NULL;1
168;1;NTFN;1;1;,ONENDS_ID,NTFN_ID NETWORK_ID,1 DTYPE,TRUNC(A.DATA_DATE,'HH24') FRAGMENT_DATE!!!ONENDS_ID,NTFN_ID,TRUNC(A.DATA_DATE,'HH24')!;NULL;1
168;1;ONENDS;2;1;,ONENDS_ID  NETWORK_ID,2 DTYPE!!DTYPE=1!ONENDS_ID!;NULL;1
168;1;NW;3;1;,-999 NETWORK_ID,3 DTYPE!!DTYPE=2!-999!;NULL;1
171;1;BRM;1;1;,HSSFE_ID,BRM_ID NETWORK_ID,1 DTYPE,TRUNC(A.DATA_DATE,'HH24') FRAGMENT_DATE!!!HSSFE_ID,BRM_ID,TRUNC(A.DATA_DATE,'HH24')!;NULL;1
186;1;IPPATH;1;0;,RNC_ID,NODEB_ID,SUBSTR (NETWORK_ID, INSTR (NETWORK_ID,'=',1,2)+ 1) IPPATH,SUBSTR (NETWORK_ID,INSTR (NETWORK_ID, '=') + 1,INSTR (NETWORK_ID, ',') - INSTR (NETWORK_ID, '=') - 1) ANI,IPPATH_ID NETWORK_ID,1 DTYPE,TRUNC(A.DATA_DATE,'HH24') FRAGMENT_DATE!!!RNC_ID,NODEB_ID,SUBSTR (NETWORK_ID, INSTR (NETWORK_ID,'=',1,2)+ 1),SUBSTR (NETWORK_ID,INSTR (NETWORK_ID, '=') + 1,INSTR (NETWORK_ID, ',') - INSTR (NETWORK_ID, '=') - 1),IPPATH_ID,TRUNC(A.DATA_DATE,'HH24')!;,IPPATH,ANI;1
186;2;NODEB;2;0;,RNC_ID,NODEB_ID NETWORK_ID,2 DTYPE!!DTYPE=1!RNC_ID,NODEB_ID!;NULL;1
184;1;SOURCE;1;1;NULL;NULL;1
208;1;CELL;1;1;NULL;NULL;1
186;2;RNC;3;0;,RNC_ID NETWORK_ID,3 DTYPE!!DTYPE=2!RNC_ID!;NULL;1
186;2;NW;4;0;,-999 NETWORK_ID,4 DTYPE!!DTYPE=3!-999!;NULL;1
208;2;ENODEB;2;1;,ENODEB_ID NETWORK_ID,6 DTYPE!!DTYPE=1!ENODEB_ID!;NULL;1
217;1;HSACS;1;0;,IMSNFM_ID,HSS_ID,ALB_ID,TP_ID,HSACS_ID NETWORK_ID, 1 DTYPE, TRUNC(A.DATA_DATE,'HH24') FRAGMENT_DATE!!!X.HSACS_ID,X.TP_ID,X.ALB_ID, X.HSS_ID,X.IMSNFM_ID, TRUNC(A.DATA_DATE,'HH24')!;NULL;1
217;2;TP;2;0;,IMSNFM_ID,HSS_ID,ALB_ID,TP_ID NETWORK_ID,2 DTYPE!!DTYPE=1!IMSNFM_ID,HSS_ID,ALB_ID,TP_ID!;NULL;1
217;3;ALB;3;0;,IMSNFM_ID,HSS_ID,ALB_ID NETWORK_ID,3 DTYPE!!DTYPE=1!IMSNFM_ID,HSS_ID,ALB_ID!;NULL;1
217;4;NW;6;0;,-999 NETWORK_ID,6 DTYPE!!DTYPE=1!-999!;NULL;1
220;1;EVENT;1;0;,TAS_ID,X.EVENT_ID NETWORK_ID, 1 DTYPE, TRUNC(A.DATA_DATE,'HH24') FRAGMENT_DATE!!!TAS_ID, EVENT_ID, TRUNC(A.DATA_DATE,'HH24')!;NULL;1
220;1;TAS;2;0;,TAS_ID NETWORK_ID,2 DTYPE!!DTYPE=1!TAS_ID!;NULL;1
220;1;NW;3;0;,-999 NETWORK_ID,3 DTYPE!!DTYPE=1!-999!;NULL;1
221;1;TAS;1;0;,TAS_ID NETWORK_ID, 1 DTYPE, TRUNC(A.DATA_DATE,'HH24') FRAGMENT_DATE!!!TAS_ID,TRUNC(A.DATA_DATE,'HH24')!;NULL;1
221;1;NW;2;0;,-999 NETWORK_ID,2 DTYPE!!DTYPE=1!-999!;NULL;1
223;1;FEAC;1;0;,TAS_ID,X.FEAC_ID NETWORK_ID, 1 DTYPE, TRUNC(A.DATA_DATE,'HH24') FRAGMENT_DATE!!!TAS_ID, FEAC_ID, TRUNC(A.DATA_DATE,'HH24')!;NULL;1
223;1;TAS;2;0;,TAS_ID NETWORK_ID,2 DTYPE!!DTYPE=1!TAS_ID!;NULL;1
223;1;NW;3;0;,-999 NETWORK_ID,3 DTYPE!!DTYPE=1!-999!;NULL;1
224;1;HOST;1;0;,TAS_ID,X.HOST_ID NETWORK_ID, 1 DTYPE, TRUNC(A.DATA_DATE,'HH24') FRAGMENT_DATE!!!TAS_ID, HOST_ID, TRUNC(A.DATA_DATE,'HH24')!;NULL;1
224;1;TAS;2;0;,TAS_ID NETWORK_ID,2 DTYPE!!DTYPE=1!TAS_ID!;NULL;1
224;1;NW;3;0;,-999 NETWORK_ID,3 DTYPE!!DTYPE=1!-999!;NULL;1
229;1;ANN;1;0;,TAS_ID,X.ANN_ID NETWORK_ID, 1 DTYPE, TRUNC(A.DATA_DATE,'HH24') FRAGMENT_DATE!!!TAS_ID, ANN_ID, TRUNC(A.DATA_DATE,'HH24')!;NULL;1
229;1;TAS;2;0;,TAS_ID NETWORK_ID,2 DTYPE!!DTYPE=1!TAS_ID!;NULL;1
229;1;NW;3;0;,-999 NETWORK_ID,3 DTYPE!!DTYPE=1!-999!;NULL;1
233;1;HOST;1;1;,HOST_ID NETWORK_ID,1 DTYPE, TRUNC(DATA_DATE,'HH24') FRAGMENT_DATE!!!HOST_ID,TRUNC(DATA_DATE,'HH24')!;NULL;1
233;1;NW;2;1;,-999 NETWORK_ID,2 DTYPE!!DTYPE=1!-999!;NULL;1
117;0;DPROC;0;1;NULL;NULL;1
-1;0;NW;6;1;,DTYPE,SITE_CLASS_ID,MAIN_REGION_ID,SUB_REGION_ID,NETWORK_ID!!DTYPE=6!DTYPE,SITE_CLASS_ID,MAIN_REGION_ID,SUB_REGION_ID,NETWORK_ID!;NULL;1
-1;1;SUB_REGION;9;1;,DTYPE,SITE_CLASS_ID,MAIN_REGION_ID,SUB_REGION_ID,NETWORK_ID!!DTYPE=9!DTYPE,SITE_CLASS_ID,MAIN_REGION_ID,SUB_REGION_ID,NETWORK_ID!;NULL;1
172;1;CELL;1;1;NULL;NULL;1
-1;1;CITY;7;1;,DTYPE,SITE_CLASS_ID,MAIN_REGION_ID,SUB_REGION_ID,NETWORK_ID!!DTYPE=7!DTYPE,SITE_CLASS_ID,MAIN_REGION_ID,SUB_REGION_ID,NETWORK_ID!;NULL;1
-1;1;MAIN_REGION;8;1;,DTYPE,SITE_CLASS_ID,MAIN_REGION_ID,SUB_REGION_ID,NETWORK_ID!!DTYPE=8!DTYPE,SITE_CLASS_ID,MAIN_REGION_ID,SUB_REGION_ID,NETWORK_ID!;NULL;1
118;0;BSC;0;1;NULL;NULL;1
129;1;APPLRESP;1;1;,AAAOAM_ID,APPLRESP_ID NETWORK_ID,1 DTYPE,TRUNC(A.DATA_DATE,'HH24') FRAGMENT_DATE!!!AAAOAM_ID,APPLRESP_ID,TRUNC(A.DATA_DATE,'HH24')!;NULL;1
129;1;AAAOAM;2;1;,AAAOAM_ID  NETWORK_ID,2 DTYPE!!DTYPE=1!AAAOAM_ID!;NULL;1
129;1;NW;3;1;,-999 NETWORK_ID,3 DTYPE!!DTYPE=2!-999!;NULL;1
154;1;DEST;1;1;NULL;NULL;1
141;1;CDS;2;1;,CDS_ID  NETWORK_ID,2 DTYPE!!DTYPE=1!CDS_ID!;NULL;1
141;1;UNIT;1;1;NULL;NULL;1
154;1;TAS;2;1;,TAS_ID  NETWORK_ID,2 DTYPE!!DTYPE=1!TAS_ID!;NULL;1
165;1;LAC;1;1;NULL;NULL;1
172;2;ENODEB;2;1;,MAIN_REGION_ID,SUB_REGION_ID,CITY_ID,ENODEB_ID NETWORK_ID,2 DTYPE!!DTYPE=1!MAIN_REGION_ID,SUB_REGION_ID,CITY_ID,ENODEB_ID!;NULL;1
172;2;NW;3;1;,-999 NETWORK_ID,3 DTYPE!!DTYPE=1!-999!;NULL;1
164;0;CELL;0;1;,MAIN_REGION_ID, SUB_REGION_ID, CITY_ID,TARGET_BSC_ID,TARGET_CELL_ID,RNC_ID,NETWORK_ID,TRUNC(DATA_DATE,'HH24') FRAGMENT_DATE!!!MAIN_REGION_ID, SUB_REGION_ID, CITY_ID,TARGET_BSC_ID,TARGET_CELL_ID,RNC_ID,NETWORK_ID,TRUNC(DATA_DATE,'HH24')!;NULL;1
33;2;F_DL;19;0;,F_DL_ID NETWORK_ID,19 DTYPE!!DTYPE=1!F_DL_ID!;NULL;1
33;2;SRFDL;20;0;,MAIN_REGION_ID,SUB_REGION_ID,F_DL_ID NETWORK_ID,20 DTYPE!!DTYPE=1!MAIN_REGION_ID,SUB_REGION_ID,F_DL_ID!;NULL;1
33;2;ILCEFDL;21;0;,CITY_ID,ILCE_ID,F_DL_ID NETWORK_ID,21 DTYPE!!DTYPE=1!CITY_ID,ILCE_ID,F_DL_ID!;NULL;1
33;2;CITYFDL;22;0;,CITY_ID,F_DL_ID NETWORK_ID,22 DTYPE!!DTYPE=1!CITY_ID,F_DL_ID!;NULL;1
219;1;ISBC;1;1;,ISBC_ID NETWORK_ID,1 DTYPE,TRUNC(A.DATA_DATE,'HH24') FRAGMENT_DATE!!!ISBC_ID,TRUNC(A.DATA_DATE,'HH24')!;NULL;1
219;2;NW;2;1;,-999 NETWORK_ID,2 DTYPE!!DTYPE=1!-999!;NULL;1
93;0;GBL;0;1;NULL;NULL;1
30;1;CELL;1;0;NULL;NULL;1
30;2;BTS;2;0;,MAIN_REGION_ID,SUB_REGION_ID,BSC_ID,CITY_ID,BTS_ID NETWORK_ID,2 DTYPE!! DTYPE=1!MAIN_REGION_ID,SUB_REGION_ID,BSC_ID,CITY_ID,BTS_ID!;NULL;1
30;3;BSC;3;0;,BSC_ID NETWORK_ID,3 DTYPE!! DTYPE=2!BSC_ID!;NULL;1
30;3;CLUSTER;4;0;,CLUSTER_ID NETWORK_ID,4 DTYPE!!DTYPE=3!CLUSTER_ID!;NULL;1
30;3;REGION;5;0;,REGION_ID NETWORK_ID,5 DTYPE!!DTYPE=3!REGION_ID!;NULL;1
30;3;NW;6;0;,-999 NETWORK_ID,6 DTYPE!!DTYPE=4!-999!;NULL;1
30;3;CITY;7;0;,D.CITY_CODE NETWORK_ID,7 DTYPE!,NORTHI_DATA.CITY_SITE_CELL_LIST D!A.NETWORK_ID=D.CELL_ID AND DTYPE=1!D.CITY_CODE!;NULL;1
30;3;MAIN_REGION;8;0;,MAIN_REGION_ID NETWORK_ID,8 DTYPE!!DTYPE=2!MAIN_REGION_ID!;NULL;1
30;3;SUB_REGION;9;0;,MAIN_REGION_ID,SUB_REGION_ID NETWORK_ID,9 DTYPE!!DTYPE=2!MAIN_REGION_ID,SUB_REGION_ID!;NULL;1
30;3;BSCMR;10;0;,MAIN_REGION_ID,BSC_ID NETWORK_ID,10 DTYPE!!DTYPE=2!MAIN_REGION_ID,BSC_ID!;NULL;1
30;3;BSCSR;11;0;,SUB_REGION_ID,MAIN_REGION_ID,BSC_ID NETWORK_ID,11 DTYPE!!DTYPE=2!SUB_REGION_ID,MAIN_REGION_ID,BSC_ID!;NULL;1
30;3;ILCE;12;0;,SUB_REGION_ID,CITY_ID,ILCE_ID NETWORK_ID,12 DTYPE!!DTYPE=1!SUB_REGION_ID,CITY_ID,ILCE_ID!;NULL;1
30;3;MAHALLE;13;0;,CITY_ID,ILCE_ID,MAHALLE_ID NETWORK_ID,13 DTYPE!!DTYPE=1!CITY_ID,ILCE_ID,MAHALLE_ID!;NULL;1
30;3;RSITE;14;0;,MAIN_REGION_ID,SUB_REGION_ID,SITE_CLASS_ID NETWORK_ID,14 DTYPE!!DTYPE=1!MAIN_REGION_ID,SUB_REGION_ID,SITE_CLASS_ID!;NULL;1
30;3;CSITE;15;0;,CITY_ID,ILCE_ID,SITE_CLASS_ID NETWORK_ID,15 DTYPE!!DTYPE=1!CITY_ID,ILCE_ID,SITE_CLASS_ID!;NULL;1
30;3;MRS;16;0;,MAIN_REGION_ID,SITE_CLASS_ID NETWORK_ID,16 DTYPE!!DTYPE=1!MAIN_REGION_ID,SITE_CLASS_ID!;NULL;1
30;3;CITYS;17;0;,CITY_ID,SITE_CLASS_ID NETWORK_ID,17 DTYPE!!DTYPE=1!CITY_ID,SITE_CLASS_ID!;NULL;1
30;3;SITE_CLASS;18;0;,SITE_CLASS_ID NETWORK_ID,18 DTYPE!!DTYPE=1!SITE_CLASS_ID!;NULL;1
30;3;VENDOR;19;0;,VENDOR_ID NETWORK_ID,19 DTYPE!!DTYPE=1!VENDOR_ID!;NULL;1
94;0;GSL;0;1;NULL;NULL;1
31;1;TRX;1;0;NULL;NULL;1
31;2;CELL;2;0;,MAIN_REGION_ID,SUB_REGION_ID,CITY_ID,CLUSTER_ID,REGION_ID,CELL_ID NETWORK_ID,2 DTYPE!!DTYPE=1!MAIN_REGION_ID,SUB_REGION_ID,CITY_ID,CLUSTER_ID,REGION_ID,CELL_ID!;NULL;1
31;3;CLUSTER;3;0;,CLUSTER_ID NETWORK_ID,3 DTYPE!!DTYPE=2!CLUSTER_ID!;NULL;1
31;3;REGION;4;0;,REGION_ID NETWORK_ID,4 DTYPE!!DTYPE=2!REGION_ID!;NULL;1
31;3;NW;5;0;,-999 NETWORK_ID,5 DTYPE!!DTYPE=3!-999!;NULL;1
31;3;MAIN_REGION;6;0;,MAIN_REGION_ID NETWORK_ID,6 DTYPE!!DTYPE=2!MAIN_REGION_ID!;NULL;1
31;3;SUB_REGION;7;0;,MAIN_REGION_ID,SUB_REGION_ID NETWORK_ID,7 DTYPE!!DTYPE=2!MAIN_REGION_ID,SUB_REGION_ID!;NULL;1
32;1;CELL;1;0;NULL;NULL;1
32;2;CLUSTER;2;0;,CLUSTER_ID NETWORK_ID,2 DTYPE!!DTYPE=1!CLUSTER_ID!;NULL;1
32;2;REGION;3;0;,REGION_ID NETWORK_ID,3 DTYPE!!DTYPE=1!REGION_ID!;NULL;1
32;2;NW;4;0;,-999 NETWORK_ID,4 DTYPE!!DTYPE=3!-999!;NULL;1
32;2;CITY;5;0;,CITY_CODE NETWORK_ID,5 DTYPE!,NORTHI_DATA.CITY_SITE_CELL_LIST D!A.NETWORK_ID=D.CELL_ID AND DTYPE=1!CITY_CODE!;NULL;1
32;2;MAIN_REGION;6;0;,MAIN_REGION_ID NETWORK_ID,6 DTYPE!!DTYPE=1!MAIN_REGION_ID!;NULL;1
32;2;SUB_REGION;7;0;,MAIN_REGION_ID,SUB_REGION_ID NETWORK_ID,7 DTYPE!!DTYPE=1!MAIN_REGION_ID,SUB_REGION_ID!;NULL;1
33;1;CELL;1;0;,VENDOR_ID,SITE_CLASS_ID,CITY_ID,ILCE_ID,MAHALLE_ID,MAIN_REGION_ID,SUB_REGION_ID,RNC_ID,NODEB_ID,F_DL_ID,A.NETWORK_ID, 1 DTYPE, TRUNC(A.DATA_DATE,'HH24') FRAGMENT_DATE!!!X.VENDOR_ID,X.SITE_CLASS_ID,X.CITY_ID,X.ILCE_ID,X.MAHALLE_ID,X.MAIN_REGION_ID,X.SUB_REGION_ID,X.RNC_ID,NODEB_ID,F_DL_ID,A.NETWORK_ID, TRUNC(A.DATA_DATE,'HH24')!;NULL;1
33;2;NODEB;2;0;,MAIN_REGION_ID,SUB_REGION_ID,CITY_ID,RNC_ID,NODEB_ID NETWORK_ID,2 DTYPE!!DTYPE=1!MAIN_REGION_ID,SUB_REGION_ID,CITY_ID,RNC_ID,NODEB_ID!;NULL;1
33;2;RNC;3;0;,RNC_ID NETWORK_ID,3 DTYPE!!DTYPE=2!RNC_ID!;NULL;1
33;2;NW;4;0;,-999 NETWORK_ID,4 DTYPE!!DTYPE=3!-999!;NULL;1
33;2;CITY;5;0;,D.CITY_CODE NETWORK_ID,5 DTYPE!,NORTHI_DATA.LIST_CELL D!A.NETWORK_ID=D.NE_ID AND DTYPE=1!D.CITY_CODE!;NULL;1
33;2;MAIN_REGION;6;0;,MAIN_REGION_ID NETWORK_ID,6 DTYPE!!DTYPE=2!MAIN_REGION_ID!;NULL;1
33;2;SUB_REGION;7;0;,MAIN_REGION_ID,SUB_REGION_ID NETWORK_ID,7 DTYPE!!DTYPE=2!MAIN_REGION_ID,SUB_REGION_ID!;NULL;1
33;2;RNCMR;8;0;,MAIN_REGION_ID,RNC_ID NETWORK_ID,8 DTYPE!!DTYPE=2!MAIN_REGION_ID,RNC_ID!;NULL;1
33;2;RNCSR;9;0;,MAIN_REGION_ID,SUB_REGION_ID,RNC_ID NETWORK_ID,9 DTYPE!!DTYPE=2!MAIN_REGION_ID,SUB_REGION_ID,RNC_ID!;NULL;1
33;2;ILCE;10;0;,SUB_REGION_ID,CITY_ID,ILCE_ID NETWORK_ID,10 DTYPE!!DTYPE=1!SUB_REGION_ID,CITY_ID,ILCE_ID!;NULL;1
33;2;MAHALLE;11;0;,CITY_ID,ILCE_ID,MAHALLE_ID NETWORK_ID,11 DTYPE!!DTYPE=1!CITY_ID,ILCE_ID,MAHALLE_ID!;NULL;1
33;2;RSITE;12;0;,MAIN_REGION_ID,SUB_REGION_ID,SITE_CLASS_ID NETWORK_ID,12 DTYPE!!DTYPE=1!MAIN_REGION_ID,SUB_REGION_ID,SITE_CLASS_ID!;NULL;1
33;2;CSITE;13;0;,CITY_ID,ILCE_ID,SITE_CLASS_ID NETWORK_ID,13 DTYPE!!DTYPE=1!CITY_ID,ILCE_ID,SITE_CLASS_ID!;NULL;1
33;2;MRS;14;0;,MAIN_REGION_ID,SITE_CLASS_ID NETWORK_ID,14 DTYPE!!DTYPE=1!MAIN_REGION_ID,SITE_CLASS_ID!;NULL;1
33;2;CITYS;15;0;,CITY_ID,SITE_CLASS_ID NETWORK_ID,15 DTYPE!!DTYPE=1!CITY_ID,SITE_CLASS_ID!;NULL;1
33;2;SITE_CLASS;16;0;,SITE_CLASS_ID NETWORK_ID,16 DTYPE!!DTYPE=1!SITE_CLASS_ID!;NULL;1
33;2;VENDOR;17;0;,VENDOR_ID NETWORK_ID,17 DTYPE!!DTYPE=1!VENDOR_ID!;NULL;1
34;1;NODEB;1;1;,MAIN_REGION_ID,SUB_REGION_ID,RNC_ID,A.NETWORK_ID,1 DTYPE, TRUNC(A.DATA_DATE,'HH24') FRAGMENT_DATE!!!MAIN_REGION_ID,SUB_REGION_ID,RNC_ID,A.NETWORK_ID, TRUNC(A.DATA_DATE,'HH24')!;NULL;1
34;2;NW;2;1;,-999 NETWORK_ID,2 DTYPE!!DTYPE=1!-999!;NULL;1
34;1;RNC;3;1;,RNC_ID NETWORK_ID,3 DTYPE!!DTYPE=1!RNC_ID!;NULL;1
34;2;RNCMR;4;1;,MAIN_REGION_ID,RNC_ID NETWORK_ID,4 DTYPE!!DTYPE=1!MAIN_REGION_ID,RNC_ID!;NULL;1
34;2;RNCSR;5;1;,MAIN_REGION_ID,SUB_REGION_ID,RNC_ID NETWORK_ID,5 DTYPE!!DTYPE=1!MAIN_REGION_ID,SUB_REGION_ID,RNC_ID!;NULL;1
34;2;MAIN_REGION;6;1;,MAIN_REGION_ID NETWORK_ID,6 DTYPE!!DTYPE=1!MAIN_REGION_ID!;NULL;1
34;2;SUB_REGION;7;1;,MAIN_REGION_ID,SUB_REGION_ID NETWORK_ID,7 DTYPE!!DTYPE=1!MAIN_REGION_ID,SUB_REGION_ID!;NULL;1
35;1;RNC;1;1;,A.NETWORK_ID, 1 DTYPE, TRUNC(A.DATA_DATE,'HH24') FRAGMENT_DATE!!!A.NETWORK_ID, TRUNC(A.DATA_DATE,'HH24')!;NULL;1
35;2;NW;2;1;,-999 NETWORK_ID,2 DTYPE!!DTYPE=1!-999!;NULL;1
36;1;SPU;1;1;,RNC_ID,SUBSTR(NETWORK_ID,INSTR(NETWORK_ID,'=',1,3)+1,INSTR(NETWORK_ID,',',1,3)-INSTR(NETWORK_ID,'=',1,3)-1) BT,SUBSTR(NETWORK_ID,INSTR(NETWORK_ID,'=')+1,1) SRN,SUBSTR(NETWORK_ID,INSTR(NETWORK_ID,'=',1,4)+1,1) SSN,SUBSTR (NETWORK_ID,INSTR (NETWORK_ID, '=',1,2) +1,INSTR (NETWORK_ID, ',',1,2) - INSTR (NETWORK_ID, '=',1,2)-1 ) SN, SPU_ID NETWORK_ID,1 DTYPE, TRUNC(A.DATA_DATE,'HH24') FRAGMENT_DATE!!!RNC_ID,SUBSTR(NETWORK_ID,INSTR(NETWORK_ID,'=',1,3)+1,INSTR(NETWORK_ID,',',1,3)-INSTR(NETWORK_ID,'=',1,3)-1) ,SUBSTR(NETWORK_ID,INSTR(NETWORK_ID,'=')+1,1) ,SUBSTR(NETWORK_ID,INSTR(NETWORK_ID,'=',1,4)+1,1) ,SUBSTR (NETWORK_ID,INSTR (NETWORK_ID, '=',1,2) +1,INSTR (NETWORK_ID, ',',1,2) - INSTR (NETWORK_ID, '=',1,2)-1 ),SPU_ID, TRUNC(A.DATA_DATE,'HH24')!;,BT,SRN,SSN,SN;1
36;2;RNC;2;1;,RNC_ID NETWORK_ID,2 DTYPE!!DTYPE=1!RNC_ID!;NULL;1
36;2;NW;3;1;,-999 NETWORK_ID,3 DTYPE!!DTYPE=2!-999!;NULL;1
95;0;LAPD;0;1;NULL;NULL;1
96;0;LINK;0;1;NULL;NULL;1
91;3;SUB_REGION;5;1;,MAIN_REGION_ID,SUB_REGION_ID NETWORK_ID,5 DTYPE!!DTYPE=2!MAIN_REGION_ID,SUB_REGION_ID!;NULL;1
91;3;MAIN_REGION;4;1;,MAIN_REGION_ID NETWORK_ID,4 DTYPE!!DTYPE=1!MAIN_REGION_ID!;NULL;1
91;3;CITY;6;1;,CITY_ID NETWORK_ID,6 DTYPE!!DTYPE=2!CITY_ID!;NULL;1
37;1;ANI;1;1;,SUBSTR(NETWORK_ID,INSTR(NETWORK_ID,'=',1,2)+1) PATH_ID ,SUBSTR(NETWORK_ID,INSTR(NETWORK_ID,'=')+1,INSTR(NETWORK_ID,',')-INSTR(NETWORK_ID,'=')-1) ANI,NE_ID NETWORK_ID,1 DTYPE, TRUNC(A.DATA_DATE,'HH24') FRAGMENT_DATE!!!A.NETWORK_ID, NE_ID ,SUBSTR(NETWORK_ID,INSTR(NETWORK_ID,'=',1,2)+1)  ,SUBSTR(NETWORK_ID,INSTR(NETWORK_ID,'=')+1,INSTR(NETWORK_ID,',')-INSTR(NETWORK_ID,'=')-1) ,TRUNC(A.DATA_DATE,'HH24')!;,PATHID,ANI;1
37;2;RNC;2;1;,A.NETWORK_ID NETWORK_ID,2 DTYPE!!DTYPE=1!NETWORK_ID!;NULL;1
38;1;DPU;1;1;,RNC_ID,SUBSTR(NETWORK_ID,INSTR(NETWORK_ID,'=',1,3)+1,INSTR(NETWORK_ID,',',1,3)-INSTR(NETWORK_ID,'=',1,3)-1) BT,SUBSTR(NETWORK_ID,INSTR(NETWORK_ID,'=')+1,1) SRN,SUBSTR(NETWORK_ID,INSTR(NETWORK_ID,'=',1,4)+1,1) SSN,SUBSTR(NETWORK_ID,INSTR(NETWORK_ID,'=',1,2)+1,INSTR(NETWORK_ID,',',1,2)-INSTR(NETWORK_ID,'=',1,2)-1) SN,DPU_ID NETWORK_ID,1 DTYPE, TRUNC(A.DATA_DATE,'HH24') FRAGMENT_DATE!!!RNC_ID,SUBSTR(NETWORK_ID,INSTR(NETWORK_ID,'=',1,3)+1,INSTR(NETWORK_ID,',',1,3)-INSTR(NETWORK_ID,'=',1,3)-1) ,SUBSTR(NETWORK_ID,INSTR(NETWORK_ID,'=')+1,1) ,SUBSTR(NETWORK_ID,INSTR(NETWORK_ID,'=',1,4)+1,1) ,SUBSTR(NETWORK_ID,INSTR(NETWORK_ID,'=',1,2)+1,INSTR(NETWORK_ID,',',1,2)-INSTR(NETWORK_ID,'=',1,2)-1),DPU_ID,TRUNC(A.DATA_DATE,'HH24')!;,BT,SRN,SSN,SN;1
38;2;RNC;2;1;,RNC_ID NETWORK_ID,2 DTYPE!!DTYPE=1!RNC_ID!;NULL;1
38;2;NW;3;1;,-999 NETWORK_ID,3 DTYPE!!DTYPE=2!-999!;NULL;1
39;1;IPLYR;1;1;,SUBSTR(NETWORK_ID,INSTR(NETWORK_ID,'=',1,2)+1,4) IPNI,SUBSTR(NETWORK_ID,INSTR(NETWORK_ID,'=')+1,1) PATHID,RETURN_SPU(NETWORK_ID) NETWORK_ID,1 DTYPE, TRUNC(A.DATA_DATE,'HH24') FRAGMENT_DATE!!! SUBSTR(NETWORK_ID,INSTR(NETWORK_ID,'=',1,2)+1,4) ,SUBSTR(NETWORK_ID,INSTR(NETWORK_ID,'=')+1,1),RETURN_SPU(NETWORK_ID), TRUNC(A.DATA_DATE,'HH24')!;,IPNI,PATHID;1
39;2;RNC;2;1;,A.NETWORK_ID NETWORK_ID,2 DTYPE!!DTYPE=1!NETWORK_ID!;NULL;1
39;2;NW;3;1;,-999 NETWORK_ID,3 DTYPE!!DTYPE=2!-999!;NULL;1
40;0;CELL;0;0;NULL;NULL;1
41;1;CELL;1;0;,MAIN_REGION_ID,SUB_REGION_ID,RNC_ID,NODEB_ID,CITY_ID,ILCE_ID,A.NETWORK_ID, 1 DTYPE, TRUNC(A.DATA_DATE,'HH24') FRAGMENT_DATE!!!MAIN_REGION_ID,SUB_REGION_ID,X.RNC_ID,NODEB_ID,CITY_ID,ILCE_ID,A.NETWORK_ID, TRUNC(A.DATA_DATE,'HH24')!;NULL;1
41;2;NODEB;2;0;,MAIN_REGION_ID,SUB_REGION_ID,RNC_ID,NODEB_ID NETWORK_ID,2 DTYPE!!DTYPE=1!MAIN_REGION_ID,SUB_REGION_ID,RNC_ID,NODEB_ID!;NULL;1
41;2;RNC;3;0;,RNC_ID NETWORK_ID,3 DTYPE!!DTYPE=2!RNC_ID!;NULL;1
41;2;NW;4;0;,-999 NETWORK_ID,4 DTYPE!!DTYPE=3!-999!;NULL;1
41;2;CITY;5;0;,CITY_CODE NETWORK_ID,5 DTYPE!,NORTHI_DATA.LIST_CELL D!A.NETWORK_ID=D.NE_ID AND DTYPE=1!CITY_CODE!;NULL;1
41;2;MAIN_REGION;6;0;,MAIN_REGION_ID NETWORK_ID,6 DTYPE!!DTYPE=2!MAIN_REGION_ID!;NULL;1
41;2;SUB_REGION;7;0;,MAIN_REGION_ID,SUB_REGION_ID NETWORK_ID,7 DTYPE!!DTYPE=2!MAIN_REGION_ID,SUB_REGION_ID!;NULL;1
41;2;RNCMR;8;0;,MAIN_REGION_ID,RNC_ID NETWORK_ID,8 DTYPE!!DTYPE=2!MAIN_REGION_ID,RNC_ID!;NULL;1
41;2;RNCSR;9;0;,MAIN_REGION_ID,SUB_REGION_ID,RNC_ID NETWORK_ID,9 DTYPE!!DTYPE=2!MAIN_REGION_ID,SUB_REGION_ID,RNC_ID!;NULL;1
42;1;SSN;1;1;,RNC_ID,SUBSTR(NETWORK_ID,INSTR(NETWORK_ID,'=')+1,INSTR(NETWORK_ID,',')-INSTR(NETWORK_ID,'=')-1) PN,SUBSTR(NETWORK_ID,INSTR(NETWORK_ID,'=',1,2)+1,INSTR(NETWORK_ID,',',1,2)-INSTR(NETWORK_ID,'=',1,2)-1) SN,SUBSTR(NETWORK_ID, INSTR(NETWORK_ID,'=',1,3)+1) SRN,SSN_ID NETWORK_ID,1 DTYPE, TRUNC(A.DATA_DATE,'HH24') FRAGMENT_DATE!!!RNC_ID,SUBSTR(NETWORK_ID,INSTR(NETWORK_ID,'=')+1,INSTR(NETWORK_ID,',')-INSTR(NETWORK_ID,'=')-1) ,  SUBSTR(NETWORK_ID,INSTR(NETWORK_ID,'=',1,2)+1,INSTR(NETWORK_ID,',',1,2)-INSTR(NETWORK_ID,'=',1,2)-1) ,  SUBSTR(NETWORK_ID, INSTR(NETWORK_ID,'=',1,3)+1) ,SSN_ID, TRUNC(A.DATA_DATE,'HH24')!;,PN,SN,SRN;1
42;1;RNC;2;1;,RNC_ID NETWORK_ID,2 DTYPE!!DTYPE=1!RNC_ID!;NULL;1
43;1;SSN;1;1;NULL;NULL;1
43;1;BSC;2;1;,CLUSTER_ID,OMC_ID,REGION_ID,BSC_ID NETWORK_ID,2 DTYPE!!DTYPE=1!BSC_ID,CLUSTER_ID,OMC_ID,REGION_ID!;NULL;1
44;1;IPPATH;1;0;,MAIN_REGION_ID,SUB_REGION_ID,CITY_ID,RNC_ID,NODEB_ID,SUBSTR (NETWORK_ID, INSTR (NETWORK_ID,'=',1,2)+ 1) IPPATH,SUBSTR (NETWORK_ID,INSTR (NETWORK_ID, '=') + 1,INSTR (NETWORK_ID, ',') - INSTR (NETWORK_ID, '=') - 1) ANI,IPPATH_ID NETWORK_ID,1 DTYPE,TRUNC(A.DATA_DATE,'HH24') FRAGMENT_DATE!!!MAIN_REGION_ID,SUB_REGION_ID,CITY_ID,RNC_ID,NODEB_ID,SUBSTR (NETWORK_ID, INSTR (NETWORK_ID,'=',1,2)+ 1),SUBSTR (NETWORK_ID,INSTR (NETWORK_ID, '=') + 1,INSTR (NETWORK_ID, ',') - INSTR (NETWORK_ID, '=') - 1),IPPATH_ID,TRUNC(A.DATA_DATE,'HH24')!;,IPPATH,ANI;1
44;2;NODEB;2;0;,MAIN_REGION_ID,SUB_REGION_ID,CITY_ID,RNC_ID,NODEB_ID NETWORK_ID,2 DTYPE!!DTYPE=1!MAIN_REGION_ID,SUB_REGION_ID,CITY_ID,RNC_ID,NODEB_ID!;NULL;1
44;2;RNC;3;0;,RNC_ID NETWORK_ID,3 DTYPE!!DTYPE=2!RNC_ID!;NULL;1
44;2;NW;4;0;,-999 NETWORK_ID,4 DTYPE!!DTYPE=3!-999!;NULL;1
45;1;DSP;1;1;,RNC_ID,SUBSTR (NETWORK_ID,INSTR (NETWORK_ID, ':') + 1,3) BT,SUBSTR (NETWORK_ID,INSTR (NETWORK_ID, '=',1,3) +1) SRN,SUBSTR (NETWORK_ID,INSTR (NETWORK_ID, '=') + 1,INSTR (NETWORK_ID, ',') - INSTR (NETWORK_ID, '=') - 1) SSN,SUBSTR (NETWORK_ID,INSTR (NETWORK_ID, '=',1,2) +1,INSTR (NETWORK_ID, ',',1,2) - INSTR (NETWORK_ID, '=',1,2)-1 ) SN,DSP_ID NETWORK_ID,1 DTYPE, TRUNC(A.DATA_DATE,'HH24') FRAGMENT_DATE!!!RNC_ID,SUBSTR (NETWORK_ID,INSTR (NETWORK_ID, ':') + 1,3) ,SUBSTR (NETWORK_ID,INSTR (NETWORK_ID, '=',1,3) +1) ,SUBSTR (NETWORK_ID,INSTR (NETWORK_ID, '=') + 1,INSTR (NETWORK_ID, ',') - INSTR (NETWORK_ID, '=') - 1) ,SUBSTR (NETWORK_ID,INSTR (NETWORK_ID, '=',1,2) +1,INSTR (NETWORK_ID, ',',1,2) - INSTR (NETWORK_ID, '=',1,2)-1) ,DSP_ID, TRUNC(A.DATA_DATE,'HH24')!;,BT,SRN,SSN,SN;1
45;2;RNC;2;1;,RNC_ID NETWORK_ID,2 DTYPE!!DTYPE=1!RNC_ID!;NULL;1
45;2;NW;3;1;,-999 NETWORK_ID,3 DTYPE!!DTYPE=2!-999!;NULL;1
46;1;INT;1;1;,RNC_ID,DECODE(SUBSTR(NETWORK_ID,INSTR(NETWORK_ID,':',1)+1,INSTR(NETWORK_ID,'=',1)-INSTR(NETWORK_ID,':',1)-1),'Subrack No.',SUBSTR(NETWORK_ID,INSTR(NETWORK_ID,'=',1,3)+1), SUBSTR(NETWORK_ID,INSTR(NETWORK_ID,'=',1,3)+1,INSTR(NETWORK_ID,',',1,3)-INSTR(NETWORK_ID,'=',1,3)-1)) BT,SUBSTR (NETWORK_ID,INSTR (NETWORK_ID, '=',1,1) +1,INSTR (NETWORK_ID, ',',1,1) - INSTR (NETWORK_ID, '=',1,1)-1 ) SRN,DECODE(SUBSTR(NETWORK_ID,INSTR(NETWORK_ID,':',1)+1,INSTR(NETWORK_ID,'=',1)-INSTR(NETWORK_ID,':',1)-1),'Subrack No.','',SUBSTR(NETWORK_ID,INSTR(NETWORK_ID,'=',1,4)+1,1)) SSN,SUBSTR (NETWORK_ID,INSTR (NETWORK_ID, '=',1,2) +1,INSTR (NETWORK_ID, ',',1,2) - INSTR (NETWORK_ID, '=',1,2)-1 ) SN,INT_ID NETWORK_ID,1 DTYPE,TRUNC(A.DATA_DATE,'HH24') FRAGMENT_DATE!!!RNC_ID,DECODE(SUBSTR(NETWORK_ID,INSTR(NETWORK_ID,':',1)+1,INSTR(NETWORK_ID,'=',1)-INSTR(NETWORK_ID,':',1)-1),'Subrack No.',SUBSTR(NETWORK_ID,INSTR(NETWORK_ID,'=',1,3)+1), SUBSTR(NETWORK_ID,INSTR(NETWORK_ID,'=',1,3)+1,INSTR(NETWORK_ID,',',1,3)-INSTR(NETWORK_ID,'=',1,3)-1)),SUBSTR (NETWORK_ID,INSTR (NETWORK_ID, '=',1,1) +1,INSTR (NETWORK_ID, ',',1,1) - INSTR (NETWORK_ID, '=',1,1)-1 ),DECODE(SUBSTR(NETWORK_ID,INSTR(NETWORK_ID,':',1)+1,INSTR(NETWORK_ID,'=',1)-INSTR(NETWORK_ID,':',1)-1),'Subrack No.','',SUBSTR(NETWORK_ID,INSTR(NETWORK_ID,'=',1,4)+1,1)),SUBSTR (NETWORK_ID,INSTR (NETWORK_ID, '=',1,2) +1,INSTR (NETWORK_ID, ',',1,2) - INSTR (NETWORK_ID, '=',1,2)-1 ),INT_ID, TRUNC(A.DATA_DATE,'HH24')!;,BT,SRN,SSN,SN;1
46;2;RNC;2;1;,RNC_ID NETWORK_ID,2 DTYPE!!DTYPE=1!RNC_ID!;NULL;1
46;2;NW;3;1;,-999 NETWORK_ID,3 DTYPE!!DTYPE=2!-999!;NULL;1
98;0;NE;0;1;NULL;NULL;1
122;0;REMOTE;0;1;NULL;NULL;1
29;1;SUB_REGION;6;1;,MAIN_REGION_ID,SUB_REGION_ID NETWORK_ID,6 DTYPE!!DTYPE=1!MAIN_REGION_ID,SUB_REGION_ID!;NULL;1
29;1;MAIN_REGION;5;1;,MAIN_REGION_ID NETWORK_ID,5 DTYPE!!DTYPE=1!MAIN_REGION_ID!;NULL;1
29;1;CITY;7;1;,CITY_ID NETWORK_ID,7 DTYPE!!DTYPE=1!CITY_ID!;NULL;1
29;1;ILCE;8;1;,CITY_ID,ILCE_ID NETWORK_ID,8 DTYPE!!DTYPE=1!CITY_ID,ILCE_ID!;NULL;1
29;1;NW;4;1;,-999 NETWORK_ID,4 DTYPE!!DTYPE=3!-999!;NULL;1
29;1;BCRGW;3;1;,BCRGW_ID  NETWORK_ID,3 DTYPE!!DTYPE=2!BCRGW_ID!;NULL;1
29;1;CLUSTER;2;1;,BCRGW_ID , CLUSTER_ID  NETWORK_ID,2 DTYPE!!DTYPE=1!CLUSTER_ID,BCRGW_ID!;NULL;1
29;1;CELL;1;1;NULL;NULL;1
92;0;SGSN;0;1;,SGSN_ID NETWORK_ID,TRUNC(A.DATA_DATE,'HH24') FRAGMENT_DATE!!!SGSN_ID,TRUNC(A.DATA_DATE,'HH24')!;NULL;1
119;0;GGSN;0;1;NULL;NULL;1
120;0;MSC;0;1;NULL;NULL;1
132;1;NW;3;1;,-999 NETWORK_ID,3 DTYPE!!DTYPE=2!-999!;NULL;1
132;1;PROCESS;1;1;,AAAOAM_ID,PROCESS_ID NETWORK_ID,1 DTYPE,TRUNC(A.DATA_DATE,'HH24') FRAGMENT_DATE!!!AAAOAM_ID,PROCESS_ID,TRUNC(A.DATA_DATE,'HH24')!;NULL;1
132;1;AAAOAM;2;1;,AAAOAM_ID  NETWORK_ID,2 DTYPE!!DTYPE=1!AAAOAM_ID!;NULL;1
136;0;CELL;0;0;NULL;NULL;1
142;1;MSC;1;1;NULL;NULL;1
146;1;MGW;1;1;NULL;NULL;1
147;1;MSC;2;1;,MSC_ID  NETWORK_ID,2 DTYPE!!DTYPE=1!MSC_ID!;NULL;1
147;1;CGR;1;1;NULL;NULL;1
155;0;MSC;0;1;NULL;NULL;1
156;1;MME;0;1;NULL;NULL;1
162;1;NDS;1;1;,NDS_ID NETWORK_ID,1 DTYPE,TRUNC(A.DATA_DATE,'HH24') FRAGMENT_DATE!!!NDS_ID,TRUNC(A.DATA_DATE,'HH24')!;NULL;1
162;1;NW;2;1;,-999 NETWORK_ID,2 DTYPE!!DTYPE=1!-999!;NULL;1
166;1;EPS;1;1;,EPS_ID NETWORK_ID,1 DTYPE,TRUNC(A.DATA_DATE,'HH24') FRAGMENT_DATE!!!EPS_ID,TRUNC(A.DATA_DATE,'HH24')!;NULL;1
169;1;NTHLRFE;1;1;,HSSFE_ID,NTHLRFE_ID NETWORK_ID,1 DTYPE,TRUNC(A.DATA_DATE,'HH24') FRAGMENT_DATE!!!HSSFE_ID,NTHLRFE_ID,TRUNC(A.DATA_DATE,'HH24')!;NULL;1
169;1;HSSFE;2;1;,HSSFE_ID  NETWORK_ID,2 DTYPE!!DTYPE=1!HSSFE_ID!;NULL;1
169;1;NW;3;1;,-999 NETWORK_ID,3 DTYPE!!DTYPE=2!-999!;NULL;1
173;1;ISBC;1;1;,ISBC_ID NETWORK_ID,1 DTYPE,TRUNC(A.DATA_DATE,'HH24') FRAGMENT_DATE!!!ISBC_ID,TRUNC(A.DATA_DATE,'HH24')!;NULL;1
173;2;NW;2;1;,-999 NETWORK_ID,2 DTYPE!!DTYPE=1!-999!;NULL;1
174;1;LOCAL_NAME;1;1;NULL;NULL;1
174;1;MNP;2;1;,MNP_ID  NETWORK_ID,2 DTYPE!!DTYPE=1!MNP_ID!;NULL;1
174;1;NW;3;1;,-999 NETWORK_ID,3 DTYPE!!DTYPE=2!-999!;NULL;1
30;3;SRCITY;20;0;,MAIN_REGION_ID,SUB_REGION_ID,CITY_ID NETWORK_ID,20 DTYPE!!DTYPE=1!MAIN_REGION_ID,SUB_REGION_ID,CITY_ID!;NULL;1
33;2;SRCITY;18;0;,MAIN_REGION_ID,SUB_REGION_ID,CITY_ID NETWORK_ID,18 DTYPE!!DTYPE=1!MAIN_REGION_ID,SUB_REGION_ID,CITY_ID!;NULL;1
91;3;SRCITY;13;1;,MAIN_REGION_ID,SUB_REGION_ID,CITY_ID NETWORK_ID,13 DTYPE!!DTYPE=1!MAIN_REGION_ID,SUB_REGION_ID,CITY_ID!;NULL;1
180;1;NW;1;1;NULL;NULL;1
185;1;NW;3;1;,-999 NETWORK_ID,3 DTYPE!!DTYPE=2!-999!;NULL;1
185;1;BOARD;1;1;,GGSN_ID,X.BOARD_ID NETWORK_ID,1 DTYPE, TRUNC(DATA_DATE,'HH24') FRAGMENT_DATE!!!GGSN_ID,X.BOARD_ID,TRUNC(DATA_DATE,'HH24')!;NULL;1
185;1;GGSN;2;1;,GGSN_ID NETWORK_ID, 2 DTYPE!!DTYPE=1!GGSN_ID!;NULL;1
44;2;CITY;5;0;,CITY_ID NETWORK_ID,5 DTYPE!!DTYPE=2!CITY_ID!;NULL;1
44;2;MAIN_REGION;6;0;,MAIN_REGION_ID NETWORK_ID,6 DTYPE!!DTYPE=2!MAIN_REGION_ID!;NULL;1
44;2;SUB_REGION;7;0;,MAIN_REGION_ID,SUB_REGION_ID NETWORK_ID,7 DTYPE!!DTYPE=2!MAIN_REGION_ID,SUB_REGION_ID!;NULL;1
188;1;TRX;1;0;NULL;NULL;1
188;2;CELL;2;0;,MAIN_REGION_ID,SUB_REGION_ID,CLUSTER_ID,REGION_ID,CELL_ID NETWORK_ID,2 DTYPE!!DTYPE=1!MAIN_REGION_ID,SUB_REGION_ID,CLUSTER_ID,REGION_ID,CELL_ID!;NULL;1
188;3;CLUSTER;3;0;,CLUSTER_ID NETWORK_ID,3 DTYPE!!DTYPE=2!CLUSTER_ID!;NULL;1
188;3;REGION;4;0;,REGION_ID NETWORK_ID,4 DTYPE!!DTYPE=2!REGION_ID!;NULL;1
188;3;NW;5;0;,-999 NETWORK_ID,5 DTYPE!!DTYPE=3!-999!;NULL;1
188;3;MAIN_REGION;6;0;,MAIN_REGION_ID NETWORK_ID,6 DTYPE!!DTYPE=2!MAIN_REGION_ID!;NULL;1
188;3;SUB_REGION;7;0;,MAIN_REGION_ID,SUB_REGION_ID NETWORK_ID,7 DTYPE!!DTYPE=2!MAIN_REGION_ID,SUB_REGION_ID!;NULL;1
184;2;NW;5;1;,-999 NETWORK_ID,5 DTYPE!!DTYPE=1!-999!;NULL;1
189;1;DSA;1;1;,DSA_ID NETWORK_ID,1 DTYPE,TRUNC(A.DATA_DATE,'HH24') FRAGMENT_DATE!!!DSA_ID,TRUNC(A.DATA_DATE,'HH24')!;NULL;1
190;1;ABCF;1;1;NULL;NULL;1
190;1;SBC;2;1;,SBC_ID  NETWORK_ID,2 DTYPE!!DTYPE=1!SBC_ID!;NULL;1
190;1;NW;3;1;,-999 NETWORK_ID,3 DTYPE!!DTYPE=2!-999!;NULL;1
194;1;AT;1;0;,IMSNFM_ID,CSCF_ID, AT_ID NETWORK_ID,1 DTYPE,TRUNC(A.DATA_DATE,'HH24') FRAGMENT_DATE!!!IMSNFM_ID,CSCF_ID,AT_ID,TRUNC(A.DATA_DATE,'HH24')!;NULL;1
194;1;CSCF;2;0;,IMSNFM_ID,CSCF_ID  NETWORK_ID,2 DTYPE!!DTYPE=1!IMSNFM_ID,CSCF_ID!;NULL;1
194;1;IMSNFM;3;0;,IMSNFM_ID  NETWORK_ID,3 DTYPE!!DTYPE=1!IMSNFM_ID!;NULL;1
194;1;NW;4;0;,-999 NETWORK_ID,4 DTYPE!!DTYPE=1!-999!;NULL;1
195;1;ERROR;1;1;,ISBC_ID, ERROR_ID NETWORK_ID,1 DTYPE,TRUNC(A.DATA_DATE,'HH24') FRAGMENT_DATE!!!ISBC_ID,ERROR_ID,TRUNC(A.DATA_DATE,'HH24')!;NULL;1
195;1;ISBC;2;1;,ISBC_ID  NETWORK_ID,2 DTYPE!!DTYPE=1!ISBC_ID!;NULL;1
195;1;NW;3;1;,-999 NETWORK_ID,3 DTYPE!!DTYPE=1!-999!;NULL;1
196;1;MEDIA;1;1;,ISBC_ID, MEDIA_ID NETWORK_ID,1 DTYPE,TRUNC(A.DATA_DATE,'HH24') FRAGMENT_DATE!!!ISBC_ID,MEDIA_ID,TRUNC(A.DATA_DATE,'HH24')!;NULL;1
196;1;ISBC;2;1;,ISBC_ID  NETWORK_ID,2 DTYPE!!DTYPE=1!ISBC_ID!;NULL;1
196;1;NW;3;1;,-999 NETWORK_ID,3 DTYPE!!DTYPE=1!-999!;NULL;1
204;1;ADDR;1;1;NULL;NULL;1
204;1;ADDR_TYPE;2;1;,MSC_ID , ADDR_TYPE_ID  NETWORK_ID,2 DTYPE!!DTYPE=1!ADDR_TYPE_ID,MSC_ID!;NULL;1
204;1;MSC;3;1;,MSC_ID  NETWORK_ID,3 DTYPE!!DTYPE=2!MSC_ID!;NULL;1
204;1;NW;4;1;,-999 NETWORK_ID,4 DTYPE!!DTYPE=3!-999!;NULL;1
205;1;PLMN;1;1;NULL;NULL;1
205;1;MSC;2;1;,MSC_ID  NETWORK_ID,2 DTYPE!!DTYPE=1!MSC_ID!;NULL;1
205;1;NW;3;1;,-999 NETWORK_ID,3 DTYPE!!DTYPE=1!-999!;NULL;1
206;1;DEST;1;1;NULL;NULL;1
206;1;MSC;2;1;,MSC_ID  NETWORK_ID,2 DTYPE!!DTYPE=1!MSC_ID!;NULL;1
206;1;NW;3;1;,-999 NETWORK_ID,3 DTYPE!!DTYPE=1!-999!;NULL;1
225;1;TCAT;1;0;,TAS_ID,X.TCAT_ID NETWORK_ID, 1 DTYPE, TRUNC(A.DATA_DATE,'HH24') FRAGMENT_DATE!!!TAS_ID, TCAT_ID, TRUNC(A.DATA_DATE,'HH24')!;NULL;1
225;1;TAS;2;0;,TAS_ID NETWORK_ID,2 DTYPE!!DTYPE=1!TAS_ID!;NULL;1
225;1;NW;3;0;,-999 NETWORK_ID,3 DTYPE!!DTYPE=1!-999!;NULL;1
226;1;CCG;1;0;,TAS_ID,ACCESS_ID,X.CCG_ID NETWORK_ID, 1 DTYPE, TRUNC(A.DATA_DATE,'HH24') FRAGMENT_DATE!!!TAS_ID, ACCESS_ID,CCG_ID, TRUNC(A.DATA_DATE,'HH24')!;NULL;1
226;2;ACCESS;2;0;,TAS_ID,ACCESS_ID NETWORK_ID,2 DTYPE!!DTYPE=1!TAS_ID,ACCESS_ID!;NULL;1
226;3;TAS;3;0;,TAS_ID NETWORK_ID,3 DTYPE!!DTYPE=1!TAS_ID!;NULL;1
226;4;NW;4;0;,-999 NETWORK_ID,4 DTYPE!!DTYPE=1!-999!;NULL;1
227;1;CC;1;0;,TAS_ID,X.CC_ID NETWORK_ID, 1 DTYPE, TRUNC(A.DATA_DATE,'HH24') FRAGMENT_DATE!!!TAS_ID, CC_ID, TRUNC(A.DATA_DATE,'HH24')!;NULL;1
227;1;TAS;2;0;,TAS_ID NETWORK_ID,2 DTYPE!!DTYPE=1!TAS_ID!;NULL;1
227;1;NW;3;0;,-999 NETWORK_ID,3 DTYPE!!DTYPE=1!-999!;NULL;1
235;1;GWC;1;1;,GWC_ID NETWORK_ID,1 DTYPE, TRUNC(A.DATA_DATE,'HH24') FRAGMENT_DATE!!!GWC_ID,TRUNC(A.DATA_DATE,'HH24')!;NULL;NULL
235;1;NW;2;1;,-999 NETWORK_ID,2 DTYPE!!DTYPE=1!-999!;NULL;NULL
236;1;GWU;1;1;,GWU_ID NETWORK_ID,1 DTYPE, TRUNC(A.DATA_DATE,'HH24') FRAGMENT_DATE!!!GWU_ID,TRUNC(A.DATA_DATE,'HH24')!;NULL;NULL
236;1;NW;2;1;,-999 NETWORK_ID,2 DTYPE!!DTYPE=1!-999!;NULL;NULL
237;1;APN;1;1;,GWU_ID,APN_ID NETWORK_ID,1 DTYPE, TRUNC(A.DATA_DATE,'HH24') FRAGMENT_DATE!!!GWU_ID,APN_ID,TRUNC(A.DATA_DATE,'HH24')!;NULL;NULL
237;2;GWU;2;1;,GWU_ID NETWORK_ID, 2 DTYPE!!DTYPE=1!GWU_ID!;NULL;NULL
237;3;NW;3;NULL;,-999 NETWORK_ID,3 DTYPE!!DTYPE=1!-999!;NULL;NULL
115;0;CELL;0;1;,MAIN_REGION_ID, SUB_REGION_ID, CITY_ID,RNC_ID,NODEB_ID,TARGET_RNC_ID,TARGET_CELL_ID, A.NETWORK_ID,TRUNC(A.DATA_DATE,'HH24') FRAGMENT_DATE!!!MAIN_REGION_ID, SUB_REGION_ID, CITY_ID,X.RNC_ID,NODEB_ID,TARGET_RNC_ID,TARGET_CELL_ID,A.NETWORK_ID, TRUNC(A.DATA_DATE,'HH24')!;NULL;1
131;1;AAAOAM;2;1;,AAAOAM_ID  NETWORK_ID,2 DTYPE!!DTYPE=1!AAAOAM_ID!;NULL;1
131;1;NW;3;1;,-999 NETWORK_ID,3 DTYPE!!DTYPE=2!-999!;NULL;1
131;1;ITEMTYPES;1;1;,AAAOAM_ID,ITEMTYPES_ID NETWORK_ID,1 DTYPE,TRUNC(A.DATA_DATE,'HH24') FRAGMENT_DATE!!!AAAOAM_ID,ITEMTYPES_ID,TRUNC(A.DATA_DATE,'HH24')!;NULL;1
133;1;RESPONSE;1;1;,AAAOAM_ID,RESPONSE_ID NETWORK_ID,1 DTYPE,TRUNC(A.DATA_DATE,'HH24') FRAGMENT_DATE!!!AAAOAM_ID,RESPONSE_ID,TRUNC(A.DATA_DATE,'HH24')!;NULL;1
133;1;AAAOAM;2;1;,AAAOAM_ID  NETWORK_ID,2 DTYPE!!DTYPE=1!AAAOAM_ID!;NULL;1
133;1;NW;3;1;,-999 NETWORK_ID,3 DTYPE!!DTYPE=2!-999!;NULL;1
157;1;SBC;2;1;,SBC_ID  NETWORK_ID,2 DTYPE!!DTYPE=1!SBC_ID!;NULL;1
157;1;AN;1;1;NULL;NULL;1
157;1;NW;3;1;,-999 NETWORK_ID,3 DTYPE!!DTYPE=2!-999!;NULL;1
91;3;DFBAND;14;1;,CITY_ID,ILCE_ID,FBAND_ID NETWORK_ID,14 DTYPE!!DTYPE=1!CITY_ID,ILCE_ID,FBAND_ID!;NULL;1
184;2;CITY;2;1;,VENDOR_ID,REGION_ID,CITY_ID NETWORK_ID,2 DTYPE!!DTYPE=1!VENDOR_ID,REGION_ID,CITY_ID!;NULL;1
184;2;REGION;3;1;,VENDOR_ID,REGION_ID NETWORK_ID,3 DTYPE!!DTYPE=1!VENDOR_ID,REGION_ID!;NULL;1
184;2;VENDOR;4;1;,VENDOR_ID NETWORK_ID,4 DTYPE!!DTYPE=1!VENDOR_ID!;NULL;1
193;1;CSCF;1;0;,IMSNFM_ID,CSCF_ID NETWORK_ID,1 DTYPE,TRUNC(A.DATA_DATE,'HH24') FRAGMENT_DATE!!!IMSNFM_ID,CSCF_ID,TRUNC(A.DATA_DATE,'HH24')!;NULL;1
193;1;IMSNFM;2;0;,IMSNFM_ID  NETWORK_ID,2 DTYPE!!DTYPE=1!IMSNFM_ID!;NULL;1
193;1;NW;3;0;,-999 NETWORK_ID,3 DTYPE!!DTYPE=2!-999!;NULL;1
197;1;ERROR;1;1;,ISBC_ID, MEDIA_ID , ERROR_ID NETWORK_ID,1 DTYPE,TRUNC(A.DATA_DATE,'HH24') FRAGMENT_DATE!!!ISBC_ID,MEDIA_ID, ERROR_ID, TRUNC(A.DATA_DATE,'HH24')!;NULL;1
197;1;MEDIA;2;1;,ISBC_ID,MEDIA_ID  NETWORK_ID,2 DTYPE!!DTYPE=1!MEDIA_ID,ISBC_ID!;NULL;1
197;1;ISBC;3;1;,ISBC_ID  NETWORK_ID,3 DTYPE!!DTYPE=1!ISBC_ID!;NULL;1
197;1;NW;4;1;,-999 NETWORK_ID,4 DTYPE!!DTYPE=1!-999!;NULL;1
207;1;FCODE;1;1;NULL;NULL;1
207;1;MSC;2;1;,MSC_ID NETWORK_ID,2 DTYPE!!DTYPE=1!MSC_ID!;NULL;1
207;1;NW;3;1;,-999 NETWORK_ID,3 DTYPE!!DTYPE=2!-999!;NULL;1
212;1;HSSCALLP;1;0;,IMSNFM_ID,HSS_ID,X.HSSCALLP_ID NETWORK_ID, 1 DTYPE, TRUNC(A.DATA_DATE,'HH24') FRAGMENT_DATE!!!X.HSSCALLP_ID, X.HSS_ID,X.IMSNFM_ID, TRUNC(A.DATA_DATE,'HH24')!;NULL;1
212;2;HSS;2;0;,IMSNFM_ID,HSS_ID NETWORK_ID,2 DTYPE!!DTYPE=1!IMSNFM_ID,HSS_ID!;NULL;1
212;3;IMSNFM;3;0;,IMSNFM_ID NETWORK_ID,3 DTYPE!!DTYPE=1!IMSNFM_ID!;NULL;1
212;4;NW;4;0;,-999 NETWORK_ID,4 DTYPE!!DTYPE=1!-999!;NULL;1
214;1;ALB;1;0;,IMSNFM_ID,HSS_ID,X.ALB_ID NETWORK_ID, 1 DTYPE, TRUNC(A.DATA_DATE,'HH24') FRAGMENT_DATE!!!X.ALB_ID, X.HSS_ID,X.IMSNFM_ID, TRUNC(A.DATA_DATE,'HH24')!;NULL;1
214;2;HSS;2;0;,IMSNFM_ID,HSS_ID NETWORK_ID,2 DTYPE!!DTYPE=1!IMSNFM_ID,HSS_ID!;NULL;1
214;3;IMSNFM;3;0;,IMSNFM_ID NETWORK_ID,3 DTYPE!!DTYPE=1!IMSNFM_ID!;NULL;1
214;4;NW;4;0;,-999 NETWORK_ID,4 DTYPE!!DTYPE=1!-999!;NULL;1
222;1;SERVICE;1;0;,TAS_ID,X.SERVICE_ID NETWORK_ID, 1 DTYPE, TRUNC(A.DATA_DATE,'HH24') FRAGMENT_DATE!!!TAS_ID, SERVICE_ID, TRUNC(A.DATA_DATE,'HH24')!;NULL;1
222;1;TAS;2;0;,TAS_ID NETWORK_ID,2 DTYPE!!DTYPE=1!TAS_ID!;NULL;1
222;1;NW;3;0;,-999 NETWORK_ID,3 DTYPE!!DTYPE=1!-999!;NULL;1
232;1;PGW;1;1;,GGSN_ID,PGW_ID NETWORK_ID,1 DTYPE, TRUNC(DATA_DATE,'HH24') FRAGMENT_DATE!!!GGSN_ID,PGW_ID,TRUNC(DATA_DATE,'HH24')!;NULL;1
232;1;GGSN;2;1;,GGSN_ID NETWORK_ID, 2 DTYPE!!DTYPE=1!GGSN_ID!;NULL;1
232;1;NW;3;1;,-999 NETWORK_ID,3 DTYPE!!DTYPE=2!-999!;NULL;1
181;2;ILCE;6;1;,CITY_ID,ILCE_ID NETWORK_ID,6 DTYPE!!DTYPE=1!CITY_ID,ILCE_ID!;NULL;1
239;1;MME;1;1;,MME_ID NETWORK_ID,1 DTYPE, TRUNC(A.DATA_DATE,'HH24') FRAGMENT_DATE!!!MME_ID,TRUNC(A.DATA_DATE,'HH24')!;NULL;NULL
239;2;NW;2;1;,-999 NETWORK_ID,2 DTYPE!!DTYPE=1!-999!;NULL;NULL
240;1;CELL;1;1;NULL;NULL;1
240;2;ENODEB;2;1;,MAIN_REGION_ID,SUB_REGION_ID,CITY_ID,ENODEB_ID NETWORK_ID,2 DTYPE!!DTYPE=1!MAIN_REGION_ID,SUB_REGION_ID,CITY_ID,ENODEB_ID!;NULL;1
240;3;NW;3;1;,-999 NETWORK_ID,3 DTYPE!!DTYPE=1!-999!;NULL;1
240;3;MAIN_REGION;4;1;,MAIN_REGION_ID NETWORK_ID,4 DTYPE!!DTYPE=1!MAIN_REGION_ID!;NULL;1
240;3;SUB_REGION;5;1;,MAIN_REGION_ID,SUB_REGION_ID NETWORK_ID,5 DTYPE!!DTYPE=2!MAIN_REGION_ID,SUB_REGION_ID!;NULL;1
240;3;CITY;6;1;,CITY_ID NETWORK_ID,6 DTYPE!!DTYPE=2!CITY_ID!;NULL;1
240;3;FBAND;7;1;,FBAND_ID NETWORK_ID,7 DTYPE!!DTYPE=1!FBAND_ID!;NULL;1
240;3;RBAND;8;1;,MAIN_REGION_ID,SUB_REGION_ID,FBAND_ID NETWORK_ID,8 DTYPE!!DTYPE=1!MAIN_REGION_ID,SUB_REGION_ID,FBAND_ID!;NULL;1
240;3;CBAND;9;1;,CITY_ID,FBAND_ID NETWORK_ID,9 DTYPE!!DTYPE=1!CITY_ID,FBAND_ID!;NULL;1
240;3;ILCE;10;1;,SUB_REGION_ID,CITY_ID,ILCE_ID NETWORK_ID,10 DTYPE!!DTYPE=1!SUB_REGION_ID,CITY_ID,ILCE_ID!;NULL;1
240;3;MAHALLE;11;1;,CITY_ID,ILCE_ID,MAHALLE_ID NETWORK_ID,11 DTYPE!!DTYPE=1!CITY_ID,ILCE_ID,MAHALLE_ID!;NULL;1
240;3;NFBAND;12;1;,ENODEB_ID,FBAND_ID NETWORK_ID,12 DTYPE!!DTYPE=1!ENODEB_ID,FBAND_ID!;NULL;1
240;3;SRCITY;13;1;,MAIN_REGION_ID,SUB_REGION_ID,CITY_ID NETWORK_ID,13 DTYPE!!DTYPE=1!MAIN_REGION_ID,SUB_REGION_ID,CITY_ID!;NULL;1
240;3;DFBAND;14;1;,CITY_ID,ILCE_ID,FBAND_ID NETWORK_ID,14 DTYPE!!DTYPE=1!CITY_ID,ILCE_ID,FBAND_ID!;NULL;1
241;1;DNS;1;1;,DNS_ID NETWORK_ID,1 DTYPE, TRUNC(A.DATA_DATE,'HH24') FRAGMENT_DATE!!!DNS_ID,TRUNC(A.DATA_DATE,'HH24')!;NULL;1
241;2;NW;2;1;,-999 NETWORK_ID,2 DTYPE!!DTYPE=1!-999!;NULL;1
163;1;ENODEB;1;1;,MAIN_REGION_ID,SUB_REGION_ID,CITY_ID,NETWORK_ID,1 DTYPE!!!MAIN_REGION_ID,SUB_REGION_ID,CITY_ID,NETWORK_ID!;NULL;1
244;2;SUB_REGION;3;1;,MAIN_REGION_ID,SUB_REGION_ID NETWORK_ID,3 DTYPE!!DTYPE=1!MAIN_REGION_ID,SUB_REGION_ID!;NULL;1
244;2;NW;4;1;,-999 NETWORK_ID,4 DTYPE!!DTYPE=1!-999!;NULL;1
244;2;CITY;2;1;,CITY_ID NETWORK_ID,2 DTYPE!!DTYPE=1!CITY_ID!;NULL;1
252;2;NW;2;1;,-999 NETWORK_ID,2 DTYPE!!DTYPE=1!-999!;NULL;1
252;1;DNS;1;1;,DNS_ID NETWORK_ID,1 DTYPE, TRUNC(A.DATA_DATE,'HH24') FRAGMENT_DATE!!!DNS_ID,TRUNC(A.DATA_DATE,'HH24')!;NULL;1
251;1;MME;1;1;,MME_ID NETWORK_ID,1 DTYPE, TRUNC(A.DATA_DATE,'HH24') FRAGMENT_DATE!!!MME_ID,TRUNC(A.DATA_DATE,'HH24')!;NULL;NULL
251;2;NW;2;1;,-999 NETWORK_ID,2 DTYPE!!DTYPE=1!-999!;NULL;NULL
250;2;OCG;2;1;,OCG_ID NETWORK_ID, 2 DTYPE!!DTYPE=1!OCG_ID!;NULL;NULL
250;3;NW;3;1;,-999 NETWORK_ID,3 DTYPE!!DTYPE=1!-999!;NULL;NULL
250;1;MODULE;1;1;,OCG_ID,MODULE_ID NETWORK_ID,1 DTYPE, TRUNC(A.DATA_DATE,'HH24') FRAGMENT_DATE!!!OCG_ID,MODULE_ID,TRUNC(A.DATA_DATE,'HH24')!;NULL;NULL
249;3;NW;3;NULL;,-999 NETWORK_ID,3 DTYPE!!DTYPE=1!-999!;NULL;NULL
249;2;GWU;2;1;,GWU_ID NETWORK_ID, 2 DTYPE!!DTYPE=1!GWU_ID!;NULL;NULL
249;1;APN;1;1;,GWU_ID,APN_ID NETWORK_ID,1 DTYPE, TRUNC(A.DATA_DATE,'HH24') FRAGMENT_DATE!!!GWU_ID,APN_ID,TRUNC(A.DATA_DATE,'HH24')!;NULL;NULL
248;1;GWU;1;1;,GWU_ID NETWORK_ID,1 DTYPE, TRUNC(A.DATA_DATE,'HH24') FRAGMENT_DATE!!!GWU_ID,TRUNC(A.DATA_DATE,'HH24')!;NULL;NULL
248;1;NW;2;1;,-999 NETWORK_ID,2 DTYPE!!DTYPE=1!-999!;NULL;NULL
247;1;NW;2;1;,-999 NETWORK_ID,2 DTYPE!!DTYPE=1!-999!;NULL;NULL
0;0;DATA;0;1;NULL;NULL;1
47;0;SGSN;0;1;,SGSN_ID NETWORK_ID,TRUNC(A.DATA_DATE,'HH24') FRAGMENT_DATE!!!SGSN_ID,TRUNC(A.DATA_DATE,'HH24')!;NULL;1
48;1;LINKSET;1;1;,SGSN_ID,LINKSET_ID NETWORK_ID, 1 DTYPE,TRUNC(DATA_DATE,'HH24') FRAGMENT_DATE!!!LINKSET_ID,SGSN_ID,TRUNC(DATA_DATE,'HH24') !;NULL;1
48;1;SGSN;2;1;,SGSN_ID  NETWORK_ID,2 DTYPE!!DTYPE=1!SGSN_ID!;NULL;1
48;1;NW;3;1;,-999 NETWORK_ID,3 DTYPE!!DTYPE=2!-999!;NULL;1
97;0;RESOURCE;0;1;NULL;NULL;1
128;1;APPLPROCESS;1;1;,AAAOAM_ID,APPLPROCESS_ID NETWORK_ID,1 DTYPE,TRUNC(A.DATA_DATE,'HH24') FRAGMENT_DATE!!!AAAOAM_ID,APPLPROCESS_ID,TRUNC(A.DATA_DATE,'HH24')!;NULL;1
128;1;AAAOAM;2;1;,AAAOAM_ID  NETWORK_ID,2 DTYPE!!DTYPE=1!AAAOAM_ID!;NULL;1
128;1;NW;3;1;,-999 NETWORK_ID,3 DTYPE!!DTYPE=2!-999!;NULL;1
135;0;NE;0;1;NULL;NULL;1
41;2;ILCE;10;0;,CITY_ID,ILCE_ID NETWORK_ID,10 DTYPE!!DTYPE=1!CITY_ID,ILCE_ID!;NULL;1
91;3;NFBAND;12;1;,ENODEB_ID,FBAND_ID NETWORK_ID,12 DTYPE!!DTYPE=1!ENODEB_ID,FBAND_ID!;NULL;1
179;1;SERVICE;1;1;,SMSC_ID,SERVICE_ID NETWORK_ID,1 DTYPE,TRUNC(A.DATETIME,'HH24') FRAGMENT_DATE!!!SMSC_ID,SERVICE_ID,TRUNC(A.DATETIME,'HH24')!;NULL;1
179;1;SMSC;2;1;,SMSC_ID  NETWORK_ID,2 DTYPE!!DTYPE=1!SMSC_ID!;NULL;1
179;1;NW;3;1;,-999 NETWORK_ID,3 DTYPE!!DTYPE=2!-999!;NULL;1
182;1;SERVICE;1;1;NULL;NULL;1
182;1;TAS;2;1;,TAS_ID  NETWORK_ID,2 DTYPE!!DTYPE=1!TAS_ID!;NULL;1
198;1;SPS;1;1;,SPS_ID NETWORK_ID,1 DTYPE, TRUNC(DATA_DATE,'HH24') FRAGMENT_DATE!!!SPS_ID,TRUNC(DATA_DATE,'HH24')!;NULL;1
198;2;NW;2;1;,-999 NETWORK_ID,2 DTYPE!!DTYPE=1!-999!;NULL;1
199;1;GGSN;1;1;,X.GGSN_ID NETWORK_ID,1 DTYPE, TRUNC(DATA_DATE,'HH24') FRAGMENT_DATE!!!X.GGSN_ID,TRUNC(DATA_DATE,'HH24')!;NULL;1
199;2;NW;2;1;,-999 NETWORK_ID,2 DTYPE!!DTYPE=1!-999!;NULL;1
201;1;SCTPSTAT;1;0;,STP_ID,X.SCTPSTAT_ID NETWORK_ID, 1 DTYPE, TRUNC(A.DATA_DATE,'HH24') FRAGMENT_DATE!!!STP_ID,X.SCTPSTAT_ID, TRUNC(A.DATA_DATE,'HH24')!;NULL;1
234;1;EPDG;1;1;,EPDG_ID NETWORK_ID,1 DTYPE, TRUNC(A.DATA_DATE,'HH24') FRAGMENT_DATE!!!EPDG_ID,TRUNC(A.DATA_DATE,'HH24')!;NULL;NULL
234;1;NW;2;1;,-999 NETWORK_ID,2 DTYPE!!DTYPE=1!-999!;NULL;NULL
238;1;MODULE;1;1;,OCG_ID,MODULE_ID NETWORK_ID,1 DTYPE, TRUNC(A.DATA_DATE,'HH24') FRAGMENT_DATE!!!OCG_ID,MODULE_ID,TRUNC(A.DATA_DATE,'HH24')!;NULL;NULL
238;2;OCG;2;1;,OCG_ID NETWORK_ID, 2 DTYPE!!DTYPE=1!OCG_ID!;NULL;NULL
238;3;NW;3;1;,-999 NETWORK_ID,3 DTYPE!!DTYPE=1!-999!;NULL;NULL
245;1;SKEY;1;1;,HOST_ID, SKEY_ID NETWORK_ID, 1 DTYPE, TRUNC(DATA_DATE,'HH24') FRAGMENT_DATE!!!HOST_ID,SKEY_ID,TRUNC(DATA_DATE,'HH24')!;NULL;NULL
245;2;HOST;2;1;,HOST_ID NETWORK_ID, 2 DTYPE!!DTYPE=1!HOST_ID!;NULL;NULL
245;3;NW;3;1;,-999 NETWORK_ID,3 DTYPE!!DTYPE=1!-999!;NULL;NULL
247;1;GWC;1;1;,GWC_ID NETWORK_ID,1 DTYPE, TRUNC(A.DATA_DATE,'HH24') FRAGMENT_DATE!!!GWC_ID,TRUNC(A.DATA_DATE,'HH24')!;NULL;NULL
246;1;NW;2;1;,-999 NETWORK_ID,2 DTYPE!!DTYPE=1!-999!;NULL;NULL
246;1;EPDG;1;1;,EPDG_ID NETWORK_ID,1 DTYPE, TRUNC(A.DATA_DATE,'HH24') FRAGMENT_DATE!!!EPDG_ID,TRUNC(A.DATA_DATE,'HH24')!;NULL;NULL
91;1;CELL;1;1;NULL;NULL;1
91;2;ENODEB;2;1;,MAIN_REGION_ID,SUB_REGION_ID,CITY_ID,ENODEB_ID NETWORK_ID,2 DTYPE!!DTYPE=1!MAIN_REGION_ID,SUB_REGION_ID,CITY_ID,ENODEB_ID!;NULL;1
91;3;NW;3;1;,-999 NETWORK_ID,3 DTYPE!!DTYPE=1!-999!;NULL;1
91;3;FBAND;7;1;,FBAND_ID NETWORK_ID,7 DTYPE!!DTYPE=1!FBAND_ID!;NULL;1
91;3;RBAND;8;1;,MAIN_REGION_ID,SUB_REGION_ID,FBAND_ID NETWORK_ID,8 DTYPE!!DTYPE=1!MAIN_REGION_ID,SUB_REGION_ID,FBAND_ID!;NULL;1
91;3;CBAND;9;1;,CITY_ID,FBAND_ID NETWORK_ID,9 DTYPE!!DTYPE=1!CITY_ID,FBAND_ID!;NULL;1
134;1;BSF_UB;1;1;,AAAOAM_ID,BSF_UB_ID NETWORK_ID,1 DTYPE,TRUNC(A.DATA_DATE,'HH24') FRAGMENT_DATE!!!AAAOAM_ID,BSF_UB_ID,TRUNC(A.DATA_DATE,'HH24')!;NULL;1
134;1;AAAOAM;2;1;,AAAOAM_ID  NETWORK_ID,2 DTYPE!!DTYPE=1!AAAOAM_ID!;NULL;1
134;1;NW;3;1;,-999 NETWORK_ID,3 DTYPE!!DTYPE=2!-999!;NULL;1
81;1;MAG;3;1;,SGSN_ID, MAG_ID NETWORK_ID, 3 DTYPE!!DTYPE=2!SGSN_ID, MAG_ID!;NULL;1
81;1;SGSN;4;1;,SGSN_ID NETWORK_ID, 4 DTYPE!!DTYPE=3!SGSN_ID!;NULL;1
81;1;NW;5;1;,-999 NETWORK_ID,5 DTYPE!!DTYPE=4!-999!;NULL;1
81;1;SLOT;2;1;,SGSN_ID, MAG_ID,SLOT_ID NETWORK_ID, 2 DTYPE!!DTYPE=1!SGSN_ID, MAG_ID,SLOT_ID!;NULL;1
81;1;INST;1;1;,SGSN_ID, MAG_ID,SLOT_ID,INST_ID NETWORK_ID, 1 DTYPE,TRUNC(A.DATA_DATE,'HH24')FRAGMENT_DATE!!!SGSN_ID, MAG_ID,SLOT_ID,INST_ID,TRUNC(A.DATA_DATE,'HH24')!;NULL;1
91;3;ILCE;10;1;,SUB_REGION_ID,CITY_ID,ILCE_ID NETWORK_ID,10 DTYPE!!DTYPE=1!SUB_REGION_ID,CITY_ID,ILCE_ID!;NULL;1
91;3;MAHALLE;11;1;,CITY_ID,ILCE_ID,MAHALLE_ID NETWORK_ID,11 DTYPE!!DTYPE=1!CITY_ID,ILCE_ID,MAHALLE_ID!;NULL;1
148;1;MGW;2;1;,MGW_ID  NETWORK_ID,2 DTYPE!!DTYPE=1!MGW_ID!;NULL;1
148;1;FPLINK;1;1;NULL;NULL;1
149;1;TAS;1;1;NULL;NULL;1
150;1;TAS;2;1;,TAS_ID  NETWORK_ID,2 DTYPE!!DTYPE=1!TAS_ID!;NULL;1
150;1;FCODE;1;1;NULL;NULL;1
151;1;TAS;2;1;,TAS_ID  NETWORK_ID,2 DTYPE!!DTYPE=1!TAS_ID!;NULL;1
151;1;TRAFFIC_CATEGORY;1;1;NULL;NULL;1
152;1;UNIT;1;1;NULL;NULL;1
152;1;TAS;2;1;,TAS_ID  NETWORK_ID,2 DTYPE!!DTYPE=1!TAS_ID!;NULL;1
153;1;ST;1;1;NULL;NULL;1
153;1;TAS;2;1;,TAS_ID  NETWORK_ID,2 DTYPE!!DTYPE=1!TAS_ID!;NULL;1
160;1;NW;3;1;,-999 NETWORK_ID,3 DTYPE!!DTYPE=2!-999!;NULL;1
160;1;CC;1;1;NULL;NULL;1
160;1;MSC;2;1;,MSC_ID  NETWORK_ID,2 DTYPE!!DTYPE=1!MSC_ID!;NULL;1
176;1;CALL_CENTER_NPS;1;1;NULL;NULL;1
178;1;SMR;1;1;,SMR_ID NETWORK_ID,1 DTYPE,TRUNC(A.DATETIME,'HH24') FRAGMENT_DATE!!!SMR_ID,TRUNC(A.DATETIME,'HH24')!;NULL;1
176;2;NW;2;1;,-999 NETWORK_ID,2 DTYPE!!DTYPE=1!-999!;NULL;1
178;2;NW;2;1;,-999 NETWORK_ID,2 DTYPE!!DTYPE=1!-999!;NULL;1
187;1;EVENT;1;1;NULL;NULL;1
187;2;PORT;2;1;,OID_ID,NE_ID, SHELF_ID, SLOT_ID, BRD_ID,PORT_ID NETWORK_ID,2 DTYPE!! DTYPE=1!OID_ID,NE_ID,SHELF_ID, SLOT_ID, BRD_ID,PORT_ID!;NULL;1
187;2;BRD;3;1;,OID_ID,NE_ID, SHELF_ID, SLOT_ID, BRD_ID NETWORK_ID,3 DTYPE!! DTYPE=1!OID_ID,NE_ID,SHELF_ID, SLOT_ID, BRD_ID!;NULL;1
191;1;MSC;2;1;,MSC_ID  NETWORK_ID,2 DTYPE!!DTYPE=1!MSC_ID!;NULL;1
191;1;SERVICE;1;1;NULL;NULL;1
187;2;NE;6;1;,OID_ID,NE_ID NETWORK_ID,6 DTYPE!! DTYPE=1!OID_ID,NE_ID!;NULL;1
187;2;OID;7;1;,OID_ID NETWORK_ID,7 DTYPE!! DTYPE=1!OID_ID!;NULL;1
181;2;NW;5;1;,-999 NETWORK_ID,5 DTYPE!!DTYPE=1!-999!;NULL;1
201;2;STP;2;0;,STP_ID NETWORK_ID,2 DTYPE!!DTYPE=1!STP_ID!;NULL;1
201;2;NW;3;0;,-999 NETWORK_ID,3 DTYPE!!DTYPE=1!-999!;NULL;1
217;3;HSS;4;0;,IMSNFM_ID,HSS_ID NETWORK_ID,4 DTYPE!!DTYPE=1!IMSNFM_ID,HSS_ID!;NULL;1
217;3;IMSNFM;5;0;,IMSNFM_ID NETWORK_ID,5 DTYPE!!DTYPE=1!IMSNFM_ID!;NULL;1
231;1;CELL;1;1;NULL;NULL;1
231;2;GNODEB;2;1;,MAIN_REGION_ID,SUB_REGION_ID,CITY_ID,GNODEB_ID NETWORK_ID,2 DTYPE!!DTYPE=1!MAIN_REGION_ID,SUB_REGION_ID,CITY_ID,GNODEB_ID!;NULL;1
231;3;NW;3;1;,-999 NETWORK_ID,3 DTYPE!!DTYPE=1!-999!;NULL;1
1;1;NDS;1;1;,ONENDS_ID,NDS_ID NETWORK_ID,1 DTYPE,TRUNC(A.DATA_DATE,'HH24') FRAGMENT_DATE!!!ONENDS_ID,NDS_ID,TRUNC(A.DATA_DATE,'HH24')!;NULL;1
1;1;ONENDS;2;1;,ONENDS_ID  NETWORK_ID,2 DTYPE!!DTYPE=1!ONENDS_ID!;NULL;1
1;1;NW;3;1;,-999 NETWORK_ID,3 DTYPE!!DTYPE=2!-999!;NULL;1
2;1;NON;1;1;,LOCATION_ID,NON_ID NETWORK_ID,1 DTYPE,TRUNC(A.DATA_DATE,'HH24') FRAGMENT_DATE!!!LOCATION_ID,NON_ID,TRUNC(A.DATA_DATE,'HH24')!;NULL;1
2;1;LOCATION;2;1;,LOCATION_ID  NETWORK_ID,2 DTYPE!!DTYPE=1!LOCATION_ID!;NULL;1
2;1;NW;3;1;,-999 NETWORK_ID,3 DTYPE!!DTYPE=2!-999!;NULL;1
3;1;ADN;1;1;,LOCATION_ID,ADN_ID NETWORK_ID,1 DTYPE,TRUNC(A.DATA_DATE,'HH24') FRAGMENT_DATE!!!LOCATION_ID,ADN_ID,TRUNC(A.DATA_DATE,'HH24')!;NULL;1
3;1;LOCATION;2;1;,LOCATION_ID  NETWORK_ID,2 DTYPE!!DTYPE=1!LOCATION_ID!;NULL;1
3;1;NW;3;1;,-999 NETWORK_ID,3 DTYPE!!DTYPE=2!-999!;NULL;1
4;1;MFN;1;1;,LOCATION_ID,MFN_ID NETWORK_ID,1 DTYPE,TRUNC(A.DATA_DATE,'HH24') FRAGMENT_DATE!!!LOCATION_ID,MFN_ID,TRUNC(A.DATA_DATE,'HH24')!;NULL;1
4;1;LOCATION;2;1;,LOCATION_ID  NETWORK_ID,2 DTYPE!!DTYPE=1!LOCATION_ID!;NULL;1
4;1;NW;3;1;,-999 NETWORK_ID,3 DTYPE!!DTYPE=2!-999!;NULL;1
5;1;SIGN;1;1;,LOCATION_ID,SIGN_ID NETWORK_ID,1 DTYPE,TRUNC(A.DATA_DATE,'HH24') FRAGMENT_DATE!!!LOCATION_ID,SIGN_ID,TRUNC(A.DATA_DATE,'HH24')!;NULL;1
5;1;LOCATION;2;1;,LOCATION_ID  NETWORK_ID,2 DTYPE!!DTYPE=1!LOCATION_ID!;NULL;1
5;1;NW;3;1;,-999 NETWORK_ID,3 DTYPE!!DTYPE=2!-999!;NULL;1
6;1;ACTP;1;1;,HSSFE_ID,ACTP_ID NETWORK_ID,1 DTYPE,TRUNC(A.DATA_DATE,'HH24') FRAGMENT_DATE!!!HSSFE_ID,ACTP_ID,TRUNC(A.DATA_DATE,'HH24')!;NULL;1
6;1;HSSFE;2;1;,HSSFE_ID  NETWORK_ID,2 DTYPE!!DTYPE=1!HSSFE_ID!;NULL;1
6;1;NW;3;1;,-999 NETWORK_ID,3 DTYPE!!DTYPE=2!-999!;NULL;1
7;1;ANZ;1;1;,HSSFE_ID,ANZ_ID NETWORK_ID,1 DTYPE,TRUNC(A.DATA_DATE,'HH24') FRAGMENT_DATE!!!HSSFE_ID,ANZ_ID,TRUNC(A.DATA_DATE,'HH24')!;NULL;1
7;1;HSSFE;2;1;,HSSFE_ID  NETWORK_ID,2 DTYPE!!DTYPE=1!HSSFE_ID!;NULL;1
7;1;NW;3;1;,-999 NETWORK_ID,3 DTYPE!!DTYPE=2!-999!;NULL;1
8;1;ARQ;1;1;,HSSFE_ID,ARQ_ID NETWORK_ID,1 DTYPE,TRUNC(A.DATA_DATE,'HH24') FRAGMENT_DATE!!!HSSFE_ID,ARQ_ID,TRUNC(A.DATA_DATE,'HH24')!;NULL;1
8;1;HSSFE;2;1;,HSSFE_ID  NETWORK_ID,2 DTYPE!!DTYPE=1!HSSFE_ID!;NULL;1
8;1;NW;3;1;,-999 NETWORK_ID,3 DTYPE!!DTYPE=2!-999!;NULL;1
9;1;ATI;1;1;,HSSFE_ID,ATI_ID NETWORK_ID,1 DTYPE,TRUNC(A.DATA_DATE,'HH24') FRAGMENT_DATE!!!HSSFE_ID,ATI_ID,TRUNC(A.DATA_DATE,'HH24')!;NULL;1
9;1;HSSFE;2;1;,HSSFE_ID  NETWORK_ID,2 DTYPE!!DTYPE=1!HSSFE_ID!;NULL;1
9;1;NW;3;1;,-999 NETWORK_ID,3 DTYPE!!DTYPE=2!-999!;NULL;1
10;1;CX;1;1;,HSSFE_ID,CX_ID NETWORK_ID,1 DTYPE,TRUNC(A.DATA_DATE,'HH24') FRAGMENT_DATE!!!HSSFE_ID,CX_ID,TRUNC(A.DATA_DATE,'HH24')!;NULL;1
10;1;HSSFE;2;1;,HSSFE_ID  NETWORK_ID,2 DTYPE!!DTYPE=1!HSSFE_ID!;NULL;1
10;1;NW;3;1;,-999 NETWORK_ID,3 DTYPE!!DTYPE=2!-999!;NULL;1
11;1;DIA;1;1;,HSSFE_ID,DIA_ID NETWORK_ID,1 DTYPE,TRUNC(A.DATA_DATE,'HH24') FRAGMENT_DATE!!!HSSFE_ID,DIA_ID,TRUNC(A.DATA_DATE,'HH24')!;NULL;1
11;1;HSSFE;2;1;,HSSFE_ID  NETWORK_ID,2 DTYPE!!DTYPE=1!HSSFE_ID!;NULL;1
11;1;NW;3;1;,-999 NETWORK_ID,3 DTYPE!!DTYPE=2!-999!;NULL;1
12;1;DIAMETER;1;1;,HSSFE_ID,DIAMETER_ID NETWORK_ID,1 DTYPE,TRUNC(A.DATA_DATE,'HH24') FRAGMENT_DATE!!!HSSFE_ID,DIAMETER_ID,TRUNC(A.DATA_DATE,'HH24')!;NULL;1
12;1;HSSFE;2;1;,HSSFE_ID  NETWORK_ID,2 DTYPE!!DTYPE=1!HSSFE_ID!;NULL;1
12;1;NW;3;1;,-999 NETWORK_ID,3 DTYPE!!DTYPE=2!-999!;NULL;1
13;1;DNSPH;1;1;,HSSFE_ID,DNSPH_ID NETWORK_ID,1 DTYPE,TRUNC(A.DATA_DATE,'HH24') FRAGMENT_DATE!!!HSSFE_ID,DNSPH_ID,TRUNC(A.DATA_DATE,'HH24')!;NULL;1
13;1;HSSFE;2;1;,HSSFE_ID  NETWORK_ID,2 DTYPE!!DTYPE=1!HSSFE_ID!;NULL;1
13;1;NW;3;1;,-999 NETWORK_ID,3 DTYPE!!DTYPE=2!-999!;NULL;1
14;1;LCR;1;1;,HSSFE_ID,LCR_ID NETWORK_ID,1 DTYPE,TRUNC(A.DATA_DATE,'HH24') FRAGMENT_DATE!!!HSSFE_ID,LCR_ID,TRUNC(A.DATA_DATE,'HH24')!;NULL;1
14;1;HSSFE;2;1;,HSSFE_ID  NETWORK_ID,2 DTYPE!!DTYPE=1!HSSFE_ID!;NULL;1
14;1;NW;3;1;,-999 NETWORK_ID,3 DTYPE!!DTYPE=2!-999!;NULL;1
15;1;LUP;1;1;,HSSFE_ID,LUP_ID NETWORK_ID,1 DTYPE,TRUNC(A.DATA_DATE,'HH24') FRAGMENT_DATE!!!HSSFE_ID,LUP_ID,TRUNC(A.DATA_DATE,'HH24')!;NULL;1
15;1;HSSFE;2;1;,HSSFE_ID  NETWORK_ID,2 DTYPE!!DTYPE=1!HSSFE_ID!;NULL;1
15;1;NW;3;1;,-999 NETWORK_ID,3 DTYPE!!DTYPE=2!-999!;NULL;1
16;1;MTC;1;1;,HSSFE_ID,MTC_ID NETWORK_ID,1 DTYPE,TRUNC(A.DATA_DATE,'HH24') FRAGMENT_DATE!!!HSSFE_ID,MTC_ID,TRUNC(A.DATA_DATE,'HH24')!;NULL;1
16;1;HSSFE;2;1;,HSSFE_ID  NETWORK_ID,2 DTYPE!!DTYPE=1!HSSFE_ID!;NULL;1
16;1;NW;3;1;,-999 NETWORK_ID,3 DTYPE!!DTYPE=2!-999!;NULL;1
17;1;ORREQ;1;1;,HSSFE_ID,ORRECT_ID NETWORK_ID,1 DTYPE,TRUNC(A.DATA_DATE,'HH24') FRAGMENT_DATE!!!HSSFE_ID,ORRECT_ID,TRUNC(A.DATA_DATE,'HH24')!;NULL;1
17;1;HSSFE;2;1;,HSSFE_ID  NETWORK_ID,2 DTYPE!!DTYPE=1!HSSFE_ID!;NULL;1
17;1;NW;3;1;,-999 NETWORK_ID,3 DTYPE!!DTYPE=2!-999!;NULL;1
18;1;OLHAND;1;1;,HSSFE_ID,OVERLOADHANDLING_ID NETWORK_ID,1 DTYPE,TRUNC(A.DATA_DATE,'HH24') FRAGMENT_DATE!!!HSSFE_ID,OVERLOADHANDLING_ID,TRUNC(A.DATA_DATE,'HH24')!;NULL;1
18;1;HSSFE;2;1;,HSSFE_ID  NETWORK_ID,2 DTYPE!!DTYPE=1!HSSFE_ID!;NULL;1
18;1;NW;3;1;,-999 NETWORK_ID,3 DTYPE!!DTYPE=2!-999!;NULL;1
19;1;RDR;1;1;,HSSFE_ID,RDR_ID NETWORK_ID,1 DTYPE,TRUNC(A.DATA_DATE,'HH24') FRAGMENT_DATE!!!HSSFE_ID,RDR_ID,TRUNC(A.DATA_DATE,'HH24')!;NULL;1
19;1;HSSFE;2;1;,HSSFE_ID  NETWORK_ID,2 DTYPE!!DTYPE=1!HSSFE_ID!;NULL;1
19;1;NW;3;1;,-999 NETWORK_ID,3 DTYPE!!DTYPE=2!-999!;NULL;1
20;1;RUR;1;1;,HSSFE_ID,RUR_ID NETWORK_ID,1 DTYPE,TRUNC(A.DATA_DATE,'HH24') FRAGMENT_DATE!!!HSSFE_ID,RUR_ID,TRUNC(A.DATA_DATE,'HH24')!;NULL;1
20;1;HSSFE;2;1;,HSSFE_ID  NETWORK_ID,2 DTYPE!!DTYPE=1!HSSFE_ID!;NULL;1
20;1;NW;3;1;,-999 NETWORK_ID,3 DTYPE!!DTYPE=2!-999!;NULL;1
21;1;S6A;1;1;,HSSFE_ID,S6A_ID NETWORK_ID,1 DTYPE,TRUNC(A.DATA_DATE,'HH24') FRAGMENT_DATE!!!HSSFE_ID,S6A_ID,TRUNC(A.DATA_DATE,'HH24')!;NULL;1
21;1;HSSFE;2;1;,HSSFE_ID  NETWORK_ID,2 DTYPE!!DTYPE=1!HSSFE_ID!;NULL;1
21;1;NW;3;1;,-999 NETWORK_ID,3 DTYPE!!DTYPE=2!-999!;NULL;1
22;1;SAI;1;1;,HSSFE_ID,SAI_ID NETWORK_ID,1 DTYPE,TRUNC(A.DATA_DATE,'HH24') FRAGMENT_DATE!!!HSSFE_ID,SAI_ID,TRUNC(A.DATA_DATE,'HH24')!;NULL;1
22;1;HSSFE;2;1;,HSSFE_ID  NETWORK_ID,2 DTYPE!!DTYPE=1!HSSFE_ID!;NULL;1
22;1;NW;3;1;,-999 NETWORK_ID,3 DTYPE!!DTYPE=2!-999!;NULL;1
23;1;SH;1;1;,HSSFE_ID,SH_ID NETWORK_ID,1 DTYPE,TRUNC(A.DATA_DATE,'HH24') FRAGMENT_DATE!!!HSSFE_ID,SH_ID,TRUNC(A.DATA_DATE,'HH24')!;NULL;1
23;1;HSSFE;2;1;,HSSFE_ID  NETWORK_ID,2 DTYPE!!DTYPE=1!HSSFE_ID!;NULL;1
23;1;NW;3;1;,-999 NETWORK_ID,3 DTYPE!!DTYPE=2!-999!;NULL;1
24;1;SMS;1;1;,HSSFE_ID,SMS_ID NETWORK_ID,1 DTYPE,TRUNC(A.DATA_DATE,'HH24') FRAGMENT_DATE!!!HSSFE_ID,SMS_ID,TRUNC(A.DATA_DATE,'HH24')!;NULL;1
24;1;HSSFE;2;1;,HSSFE_ID  NETWORK_ID,2 DTYPE!!DTYPE=1!HSSFE_ID!;NULL;1
24;1;NW;3;1;,-999 NETWORK_ID,3 DTYPE!!DTYPE=2!-999!;NULL;1
25;1;SWX;1;1;,HSSFE_ID,SWX_ID NETWORK_ID,1 DTYPE,TRUNC(A.DATA_DATE,'HH24') FRAGMENT_DATE!!!HSSFE_ID,SWX_ID,TRUNC(A.DATA_DATE,'HH24')!;NULL;1
25;1;HSSFE;2;1;,HSSFE_ID  NETWORK_ID,2 DTYPE!!DTYPE=1!HSSFE_ID!;NULL;1
25;1;NW;3;1;,-999 NETWORK_ID,3 DTYPE!!DTYPE=2!-999!;NULL;1
26;1;TRIGGERFW;1;1;,HSSFE_ID,TRIGGERFRAMEWORK_ID NETWORK_ID,1 DTYPE,TRUNC(A.DATA_DATE,'HH24') FRAGMENT_DATE!!!HSSFE_ID,TRIGGERFRAMEWORK_ID,TRUNC(A.DATA_DATE,'HH24')!;NULL;1
26;1;HSSFE;2;1;,HSSFE_ID  NETWORK_ID,2 DTYPE!!DTYPE=1!HSSFE_ID!;NULL;1
26;1;NW;3;1;,-999 NETWORK_ID,3 DTYPE!!DTYPE=2!-999!;NULL;1
